scenario,method,mean_mse,sd_mse,mean_mae,replicates,mcse_mse
Observed confounder,Pooled unadjusted,2.047845077195269,0.5068858561544115,1.05921828988805,200,0.03584224261743332
Observed confounder,Pooled available adjustment,1.0249849846087422,0.06717288166602668,1.0015186499272757,200,0.004749840013788898
Observed confounder,Filtered hard gate,0.503278989359489,0.09391363290921215,0.2726422391004595,200,0.006640696667596802
Observed confounder,Filtered soft gate,0.3733677742520039,0.058655325350924714,0.3744835883754918,200,0.0041475578308342075
Observed confounder,Oracle state gate,0.0009682995418557883,0.0010091305626906478,0.02439961181635678,200,7.135630639811535e-05
Hidden confounder,Pooled unadjusted,2.047845077195269,0.5068858561544115,1.05921828988805,200,0.03584224261743332
Hidden confounder,Pooled available adjustment,2.047845077195269,0.5068858561544115,1.05921828988805,200,0.03584224261743332
Hidden confounder,Filtered hard gate,1.4971167729738812,0.13810443100570297,1.1243272987991348,200,0.009765457967604226
Hidden confounder,Filtered soft gate,1.3651323327848106,0.13684688205107298,1.057630068304008,200,0.009676535828254933
Hidden confounder,Oracle state gate,1.00386520946121,0.05598037326294247,1.001195271523897,200,0.003958410154758072
Emission shift,Pooled unadjusted,2.047845077195269,0.5068858561544115,1.05921828988805,200,0.03584224261743332
Emission shift,Pooled available adjustment,1.0249849846087422,0.06717288166602668,1.0015186499272757,200,0.004749840013788898
Emission shift,Filtered hard gate,3.5008716740729175,0.13415427707755828,1.753580842663089,200,0.009486139904672047
Emission shift,Filtered soft gate,2.8903352616455034,0.1193849411262554,1.6299622832561431,200,0.008441790144193193
Emission shift,Oracle state gate,0.0009682995418557883,0.0010091305626906478,0.02439961181635678,200,7.135630639811535e-05
Inactive second regime,Pooled unadjusted,1.2698332919607997,0.2538755275763583,1.0066515297397431,200,0.017951710712655528
Inactive second regime,Pooled available adjustment,0.25678605509137464,0.018194650223564916,0.5008095619037308,200,0.0012865560554400084
Inactive second regime,Filtered hard gate,0.12641929133230914,0.023922504312978387,0.14693723910045947,200,0.0016915765022671447
Inactive second regime,Filtered soft gate,0.09393537580820352,0.014707191748647132,0.19010761251189212,200,0.0010399555017679225
Inactive second regime,Oracle state gate,0.0009682995418557879,0.0010091305626906473,0.02439961181635678,200,7.135630639811531e-05
