scenario,replicate,state_accuracy,beta0,beta1
Observed confounder,0,0.817,1.0048178687852691,-1.004450161614444
Observed confounder,1,0.901,1.0128400777708544,-1.0356491919263577
Observed confounder,2,0.883,1.0220920953244368,-0.9605660449257439
Observed confounder,3,0.881,0.9546401066973118,-1.0263117165185676
Observed confounder,4,0.912,0.9922985768818344,-0.992581988301334
Observed confounder,5,0.888,1.021396960820508,-1.009449986956905
Observed confounder,6,0.846,0.9509210150823866,-1.036191424693981
Observed confounder,7,0.885,1.0333356323230092,-0.9716446564629238
Observed confounder,8,0.839,1.0085607886362913,-1.003799365851812
Observed confounder,9,0.87,0.987956225667969,-1.0263865626181679
Observed confounder,10,0.87,1.023655077848817,-0.9759865027588315
Observed confounder,11,0.864,0.9951380529644296,-1.0019490371883597
Observed confounder,12,0.843,1.010583376204913,-0.9515512561622841
Observed confounder,13,0.828,0.991925126665312,-1.0056198053392964
Observed confounder,14,0.902,1.0210746256841485,-0.9613417944633389
Observed confounder,15,0.892,1.0022691733505205,-0.9452679982112153
Observed confounder,16,0.896,1.0120094334580052,-1.007734180489321
Observed confounder,17,0.89,1.0281631085658494,-0.9889194063297246
Observed confounder,18,0.87,1.037199979499332,-1.013059469453717
Observed confounder,19,0.884,0.9612165833901902,-0.9941080049265152
Observed confounder,20,0.855,1.0255632576479996,-1.0333711409988964
Observed confounder,21,0.854,0.9905902865217644,-0.9749914541488284
Observed confounder,22,0.899,1.0082794568800026,-0.9910511692570063
Observed confounder,23,0.896,0.9738902743261377,-0.9651750592923629
Observed confounder,24,0.862,1.0117246938244495,-0.9714385096924283
Observed confounder,25,0.838,1.0161824551622611,-0.9983699790771214
Observed confounder,26,0.862,1.0187043322931442,-0.97650712333109
Observed confounder,27,0.853,1.0075210496476816,-1.0354518885521578
Observed confounder,28,0.894,0.995860927363684,-1.017389524676396
Observed confounder,29,0.896,1.0079927534346722,-1.0436369964517211
Observed confounder,30,0.848,1.0363106951202603,-0.973247776339195
Observed confounder,31,0.855,1.0046521458723667,-0.9359224010643306
Observed confounder,32,0.882,0.9665461516085181,-0.9922882879326503
Observed confounder,33,0.838,1.053183114933123,-1.0371868827519513
Observed confounder,34,0.89,0.9796355496758897,-1.0358975650804474
Observed confounder,35,0.861,1.0031881689514583,-1.0127055162765852
Observed confounder,36,0.909,1.0109973573376476,-0.9860893285938953
Observed confounder,37,0.882,1.0503563741934194,-1.0173840599266186
Observed confounder,38,0.905,1.0229245988730349,-0.979884203121006
Observed confounder,39,0.888,0.9761431601147934,-0.936837918391831
Observed confounder,40,0.855,0.993074718188169,-1.052098324449119
Observed confounder,41,0.856,1.0736141283089953,-0.9319926528699869
Observed confounder,42,0.867,0.937514340206429,-1.040158298922834
Observed confounder,43,0.894,1.0461809355342697,-1.00279503670611
Observed confounder,44,0.901,0.9799464909091931,-1.0113934323558997
Observed confounder,45,0.889,1.0325088251770027,-1.0278143115278007
Observed confounder,46,0.897,0.9865931441104657,-1.0119358265643743
Observed confounder,47,0.916,1.0287499009494145,-1.0543347859477397
Observed confounder,48,0.874,0.9933901299335195,-0.985004517426397
Observed confounder,49,0.89,1.0096649878647816,-0.9743786274394881
Observed confounder,50,0.887,0.9967658207898884,-0.9987542414062321
Observed confounder,51,0.921,1.013027079846291,-0.9964477172887635
Observed confounder,52,0.882,1.0140866430815243,-0.9836743814756703
Observed confounder,53,0.888,1.0342324971855028,-1.0088936019276555
Observed confounder,54,0.853,0.9686238671686436,-0.9950306947123188
Observed confounder,55,0.878,0.9897177159873884,-1.0391607704655765
Observed confounder,56,0.874,1.0114040928735917,-1.0731287862151448
Observed confounder,57,0.904,1.0158613179314362,-0.9347802027145707
Observed confounder,58,0.875,0.98426610025359,-0.9971265343597765
Observed confounder,59,0.892,0.9537821150264789,-0.9770253656704866
Observed confounder,60,0.919,0.9407001668278294,-1.0415011308673054
Observed confounder,61,0.864,1.0219881972111633,-1.0607255207232769
Observed confounder,62,0.865,0.9797170350501229,-0.9984921877904875
Observed confounder,63,0.889,0.9850039010635915,-0.9970189136124861
Observed confounder,64,0.891,0.9487835854411988,-0.979466699938859
Observed confounder,65,0.875,0.9615883060022539,-1.0196331926430484
Observed confounder,66,0.892,1.0121555606998982,-0.9960765533806579
Observed confounder,67,0.889,1.0063598407315246,-0.9905985389127236
Observed confounder,68,0.905,1.0121337683979963,-1.004928055901699
Observed confounder,69,0.89,0.9377339071186879,-1.0265113762322668
Observed confounder,70,0.889,0.9273261227758598,-0.9917702575492618
Observed confounder,71,0.861,1.035437327267596,-1.0502838805397827
Observed confounder,72,0.937,0.9933122417782694,-0.9850749353980544
Observed confounder,73,0.834,0.9931768751591239,-0.989947797752432
Observed confounder,74,0.854,1.0274604159515177,-0.9945278394606143
Observed confounder,75,0.86,1.0301705274818382,-1.0060397213694465
Observed confounder,76,0.853,0.957731365270617,-0.9977089107096228
Observed confounder,77,0.85,1.001515390870904,-0.9685071808382999
Observed confounder,78,0.88,0.9766014688113993,-0.9951459375318296
Observed confounder,79,0.848,0.9830739588542123,-0.999734542840689
Observed confounder,80,0.885,0.9786005618591971,-0.9898489025764674
Observed confounder,81,0.864,0.967708600202478,-0.9643980116615847
Observed confounder,82,0.887,1.0650643710225944,-0.9883145364922677
Observed confounder,83,0.855,1.0268061217092224,-1.008369912668412
Observed confounder,84,0.879,1.0336116549311534,-0.948330251528221
Observed confounder,85,0.888,1.0378872287130325,-1.040567893171918
Observed confounder,86,0.884,1.0216510236035656,-1.0499266904485074
Observed confounder,87,0.864,0.989717168583734,-1.0095147772802455
Observed confounder,88,0.88,1.0093884303302025,-1.074742145906456
Observed confounder,89,0.927,0.9844510780054261,-1.0433412117539471
Observed confounder,90,0.867,0.9805165031681848,-0.97968956192407
Observed confounder,91,0.836,1.0231335419702474,-0.9958232870589234
Observed confounder,92,0.882,1.0305961940277273,-0.9633353547124603
Observed confounder,93,0.85,0.9983518617166742,-1.0580385834178476
Observed confounder,94,0.86,0.9485413677360408,-1.0010175279499718
Observed confounder,95,0.858,0.9894806463717152,-1.0142563712069594
Observed confounder,96,0.898,0.9850750882788513,-0.975040370435442
Observed confounder,97,0.901,1.0351083914403008,-1.0160321674599482
Observed confounder,98,0.857,1.0182509169613523,-0.9979946350455882
Observed confounder,99,0.858,0.9294369934974391,-0.9513157092970661
Observed confounder,100,0.893,1.0067601441513077,-0.9802244386519433
Observed confounder,101,0.908,1.0379699297489862,-1.0462238787564235
Observed confounder,102,0.862,0.960633902675746,-0.950051851279039
Observed confounder,103,0.895,0.9552307624747103,-1.0208472340886763
Observed confounder,104,0.842,0.9865184899648747,-1.044928061061863
Observed confounder,105,0.874,0.9957918865349653,-1.0077778469926222
Observed confounder,106,0.853,1.011675253958607,-1.0247047854601918
Observed confounder,107,0.868,1.003927243898867,-1.0358298875947427
Observed confounder,108,0.878,1.0502464351774332,-0.9757816375369779
Observed confounder,109,0.897,1.0054421702981926,-1.0252060052594842
Observed confounder,110,0.89,1.0168354752353406,-0.9703457203656597
Observed confounder,111,0.864,1.0029834556399022,-1.003486552482924
Observed confounder,112,0.889,0.9843728961847891,-0.9596821027615756
Observed confounder,113,0.892,0.9946628497970367,-1.0085023399439046
Observed confounder,114,0.813,0.9726642783166626,-1.0070534151998753
Observed confounder,115,0.868,0.9629285885518784,-0.9819901890886819
Observed confounder,116,0.89,0.9872727290991488,-0.9759135935496662
Observed confounder,117,0.858,0.9872839368622364,-1.011029957631018
Observed confounder,118,0.882,0.9436359230360436,-0.9790254602697319
Observed confounder,119,0.885,0.9561968152138449,-1.0152322563698692
Observed confounder,120,0.888,1.0439824936264928,-0.9786882985845047
Observed confounder,121,0.889,1.0244141213719222,-1.0235025514378495
Observed confounder,122,0.864,0.8929246931831165,-0.9993042182993569
Observed confounder,123,0.896,1.0707710923651694,-0.970837295178642
Observed confounder,124,0.877,0.9725960927551704,-1.042566622156769
Observed confounder,125,0.87,0.9216851532559796,-0.9991802237021925
Observed confounder,126,0.879,0.9341002204286565,-1.003565554532018
Observed confounder,127,0.91,1.0243552884582503,-1.0115356741826216
Observed confounder,128,0.943,1.010972629056909,-0.9917805248503215
Observed confounder,129,0.836,1.0005534968304166,-1.0326033910983627
Observed confounder,130,0.846,1.0301215986183485,-1.0110609442267524
Observed confounder,131,0.902,0.9935382628963731,-1.0206357886272106
Observed confounder,132,0.86,0.9289166200070236,-0.9991023216227883
Observed confounder,133,0.847,1.042010780307344,-1.046132029895002
Observed confounder,134,0.84,1.02632252431746,-0.9927705436148628
Observed confounder,135,0.893,0.986644429401754,-1.0044031007410819
Observed confounder,136,0.866,0.9596556545392345,-1.004701095911859
Observed confounder,137,0.9,1.0024645477700453,-0.9823380590524703
Observed confounder,138,0.852,0.9914748548817265,-0.9829449220196846
Observed confounder,139,0.852,0.9601948668098526,-1.0629556164152834
Observed confounder,140,0.885,0.9898258767957053,-0.9553679478396793
Observed confounder,141,0.878,0.9606626061695775,-1.008782970177998
Observed confounder,142,0.865,1.0169307679912996,-1.0145063054684382
Observed confounder,143,0.863,1.0435931246481545,-0.9730896374804489
Observed confounder,144,0.888,1.0107437838927709,-0.9541132357505375
Observed confounder,145,0.855,1.0004280636180851,-0.9889251665950807
Observed confounder,146,0.848,1.0406479327287776,-0.9753809180881845
Observed confounder,147,0.847,0.9929031931747101,-0.9733984841637249
Observed confounder,148,0.88,1.0359263620190546,-1.0615491059358193
Observed confounder,149,0.862,1.0240361576097485,-0.9729894733349356
Observed confounder,150,0.885,0.9827540288435326,-0.9896859939704055
Observed confounder,151,0.851,0.9891957595663707,-0.9819317852176392
Observed confounder,152,0.873,1.0071059504889779,-0.9954497724958196
Observed confounder,153,0.863,0.9660000249777427,-0.9295251298284923
Observed confounder,154,0.895,0.9823778473109503,-1.0425138225152228
Observed confounder,155,0.898,1.0291364191080485,-1.0307286931960173
Observed confounder,156,0.879,0.9846466497768558,-0.9623541944413158
Observed confounder,157,0.882,0.9593753902979025,-1.0263527932284302
Observed confounder,158,0.866,1.0114578549671496,-1.0260222412150612
Observed confounder,159,0.867,1.0234936884312882,-1.0252397384882803
Observed confounder,160,0.879,0.9539245163579075,-1.0395038661509086
Observed confounder,161,0.863,1.0026645729172463,-0.993189953398117
Observed confounder,162,0.908,1.0018369992900276,-0.9289454892991827
Observed confounder,163,0.893,1.0371751018017152,-1.0081053452734352
Observed confounder,164,0.892,1.0105031665687765,-0.9889933693048942
Observed confounder,165,0.871,0.9594792305278201,-1.0075438787695083
Observed confounder,166,0.877,0.9834965926661022,-1.0195794178336002
Observed confounder,167,0.851,0.9794727903488605,-1.0286524543648639
Observed confounder,168,0.855,0.9851845375477328,-0.982184549381705
Observed confounder,169,0.881,0.9977426980311058,-0.9507191013635065
Observed confounder,170,0.811,0.9900694013853788,-1.0263944739109592
Observed confounder,171,0.917,1.0078225621407373,-1.012963350468087
Observed confounder,172,0.915,1.0288800078176312,-1.0312102006109873
Observed confounder,173,0.824,0.9926112641984158,-0.9549818139254957
Observed confounder,174,0.838,1.0420442273214252,-0.9370814462912493
Observed confounder,175,0.873,1.0229556831781899,-0.9956938137103178
Observed confounder,176,0.86,0.9983488022413853,-0.9743203552743924
Observed confounder,177,0.827,1.0003402159792651,-1.051100097247452
Observed confounder,178,0.851,0.9632806005202421,-0.9861045526474759
Observed confounder,179,0.895,1.0114347685491272,-1.064733590037453
Observed confounder,180,0.848,0.9941117301726785,-1.0048498593817716
Observed confounder,181,0.833,0.9904488121843076,-0.9842585156530257
Observed confounder,182,0.869,1.0231017084953216,-0.9657314868151401
Observed confounder,183,0.851,1.0371052234090528,-1.0070174346477985
Observed confounder,184,0.855,0.9907312434466564,-0.9732756034885246
Observed confounder,185,0.888,0.9822257699258106,-0.8977544018006075
Observed confounder,186,0.852,1.0442901888101273,-1.004808453589082
Observed confounder,187,0.843,0.9833121118694769,-1.003673755839144
Observed confounder,188,0.875,0.9610108747642534,-1.003885551761077
Observed confounder,189,0.871,1.0335744105586178,-1.0154700816122801
Observed confounder,190,0.895,0.9517950658543239,-0.9651685958985952
Observed confounder,191,0.884,0.9205674889079999,-1.0016900466564174
Observed confounder,192,0.872,0.9985298085656102,-1.032672327323141
Observed confounder,193,0.882,0.9765317381992462,-0.9969708776827853
Observed confounder,194,0.886,0.9978597246216878,-0.9726343956137831
Observed confounder,195,0.915,0.9934801112543103,-0.9981218337353646
Observed confounder,196,0.841,1.0367355946289547,-0.9819205698585582
Observed confounder,197,0.897,1.0725429608454236,-0.9372288623084805
Observed confounder,198,0.862,1.0191087830090315,-0.9857999902330571
Observed confounder,199,0.872,1.0149977466007156,-1.018150569642307
Hidden confounder,0,0.817,1.9793563652916513,-0.06289889688018283
Hidden confounder,1,0.901,2.018678152662435,-0.000964393289055185
Hidden confounder,2,0.883,1.9916706469442882,0.04287005458017687
Hidden confounder,3,0.881,2.0334769458296464,0.004046772629437955
Hidden confounder,4,0.912,2.027440964556176,0.07960987920297402
Hidden confounder,5,0.888,2.09570547257617,-0.08578915604809764
Hidden confounder,6,0.846,1.9707616635681307,-0.01882686516687056
Hidden confounder,7,0.885,2.0463534079020067,-0.0181014205575514
Hidden confounder,8,0.839,2.0880183261962455,-0.06779969555487149
Hidden confounder,9,0.87,2.03208978743243,0.018938593890662398
Hidden confounder,10,0.87,2.0286001655287595,0.00028363772105432724
Hidden confounder,11,0.864,1.9722889132631132,-0.026688478430207392
Hidden confounder,12,0.843,1.9734983236199413,0.011189891892252044
Hidden confounder,13,0.828,2.0211119854318653,-0.00022847799129377186
Hidden confounder,14,0.902,2.0281544050194578,-0.002776368899933375
Hidden confounder,15,0.892,2.049599392305699,0.020610488496003037
Hidden confounder,16,0.896,1.9828342432320034,0.012969247623585959
Hidden confounder,17,0.89,2.0230198717664254,-0.0062066914674847136
Hidden confounder,18,0.87,1.9991110054381722,-0.030399780053893568
Hidden confounder,19,0.884,2.0372633605868713,0.06417344226116269
Hidden confounder,20,0.855,2.009798146892745,0.03751310972808281
Hidden confounder,21,0.854,2.077063864453933,0.006769888782570597
Hidden confounder,22,0.899,1.967676541684418,0.039708685239460965
Hidden confounder,23,0.896,1.9317218930710298,-0.028547768256107
Hidden confounder,24,0.862,2.017606814721368,0.005121035653283025
Hidden confounder,25,0.838,2.0018721994955806,0.017966578020543612
Hidden confounder,26,0.862,2.041864263712327,0.049434664345984695
Hidden confounder,27,0.853,1.9700755368429121,-0.013897466470541905
Hidden confounder,28,0.894,1.974915915818244,-0.016394858343983663
Hidden confounder,29,0.896,2.013914880182698,0.0023534011893489477
Hidden confounder,30,0.848,2.08928165225824,0.006059471930449818
Hidden confounder,31,0.855,1.9899374513197265,0.06905218739367962
Hidden confounder,32,0.882,1.953960640755596,-0.014974453159424986
Hidden confounder,33,0.838,2.028888804073774,-0.042185333662958235
Hidden confounder,34,0.89,1.976211937933927,-0.05061586737444988
Hidden confounder,35,0.861,1.9814964199991498,-0.0393278417691286
Hidden confounder,36,0.909,2.0327293110640845,-0.022072206359169885
Hidden confounder,37,0.882,2.0774590743954056,-0.056120343315242856
Hidden confounder,38,0.905,2.019914552561723,0.039329468915815256
Hidden confounder,39,0.888,2.0124158710144573,-7.68911539818162e-05
Hidden confounder,40,0.855,1.9853904487328766,-0.023001519166731203
Hidden confounder,41,0.856,2.0933540997027618,0.0410579490013518
Hidden confounder,42,0.867,1.9939266765412766,-0.042987779105784676
Hidden confounder,43,0.894,2.0425545529152087,0.034818866285516115
Hidden confounder,44,0.901,1.9906367127822744,0.0046780180156216974
Hidden confounder,45,0.889,2.0216306524207694,-0.01704960170905663
Hidden confounder,46,0.897,1.983688606088571,-0.061799109975739834
Hidden confounder,47,0.916,2.0276403846242776,0.013327127448096115
Hidden confounder,48,0.874,1.9755624572597366,-0.030611014727454887
Hidden confounder,49,0.89,2.0600162291879047,-0.021056881354664277
Hidden confounder,50,0.887,2.0541831731281484,0.03326244098096257
Hidden confounder,51,0.921,1.999248842789714,0.03919993820457981
Hidden confounder,52,0.882,1.995795722587243,-0.022302213150643475
Hidden confounder,53,0.888,1.9614774688336627,0.035717791345415785
Hidden confounder,54,0.853,2.0174884417556993,0.028145535645920608
Hidden confounder,55,0.878,2.0219933439494353,-0.04660467266549639
Hidden confounder,56,0.874,2.0315941646170486,-0.12486645454502532
Hidden confounder,57,0.904,2.059976701074152,0.025919135231717294
Hidden confounder,58,0.875,1.9572255461992194,-0.0015919497264662106
Hidden confounder,59,0.892,1.978256149545629,0.0233491496353288
Hidden confounder,60,0.919,1.9814238495158303,-0.017364846899590763
Hidden confounder,61,0.864,1.9254968739313227,-0.02492638045514292
Hidden confounder,62,0.865,2.0167877174201614,-0.022062207025241108
Hidden confounder,63,0.889,1.9988400084733517,0.006070893842557658
Hidden confounder,64,0.891,1.970024058766431,-0.002802037232442418
Hidden confounder,65,0.875,1.9747506300748874,0.02528792670394434
Hidden confounder,66,0.892,2.0044157514285756,0.020461502919803493
Hidden confounder,67,0.889,2.0363543432149824,-0.09140376070390091
Hidden confounder,68,0.905,1.977039656142551,0.02021530148686793
Hidden confounder,69,0.89,1.969203839510614,-0.0005369086350044157
Hidden confounder,70,0.889,1.9580726757430935,-0.038932458716611926
Hidden confounder,71,0.861,1.9749672529716147,-0.0052742519152838225
Hidden confounder,72,0.937,2.018297918706177,0.040685230326119516
Hidden confounder,73,0.834,2.0361272991639243,-0.03105674008846782
Hidden confounder,74,0.854,1.996647491167983,0.06756557327886162
Hidden confounder,75,0.86,2.0001420357321082,0.03270294777689567
Hidden confounder,76,0.853,2.038459608985275,0.09142942250866433
Hidden confounder,77,0.85,2.03506620442614,-0.012160077911939973
Hidden confounder,78,0.88,2.0410343874764574,0.012126711630627052
Hidden confounder,79,0.848,1.9193783405602327,-0.06482567220804737
Hidden confounder,80,0.885,2.0007742714889996,0.021271124892911036
Hidden confounder,81,0.864,2.0079148940465887,0.10000696933714441
Hidden confounder,82,0.887,2.000761079342209,0.008335708265620214
Hidden confounder,83,0.855,1.9844822795065895,-0.05641583685326969
Hidden confounder,84,0.879,2.018914344498212,0.045333161564014145
Hidden confounder,85,0.888,2.061941729911521,-0.019423933278032914
Hidden confounder,86,0.884,1.987697422287396,-0.04270708168360207
Hidden confounder,87,0.864,1.9479373871469765,-0.03691270705264895
Hidden confounder,88,0.88,1.9560621781329612,-0.0388004002559019
Hidden confounder,89,0.927,2.0253999740838213,0.019497728836928945
Hidden confounder,90,0.867,1.9593428615235977,0.002295806188155486
Hidden confounder,91,0.836,2.015574904794479,-0.032070523879178144
Hidden confounder,92,0.882,2.029314402646114,0.04680411354524469
Hidden confounder,93,0.85,1.9823308364261027,0.005677271462297124
Hidden confounder,94,0.86,2.002701500538276,0.022211395004937202
Hidden confounder,95,0.858,2.067409848524999,-0.015960519635668833
Hidden confounder,96,0.898,1.9805790533664982,0.02106333486094733
Hidden confounder,97,0.901,1.9884447544906934,-0.03130036301905162
Hidden confounder,98,0.857,1.9764017238192275,0.03143716036076259
Hidden confounder,99,0.858,2.0161645322300807,-0.022318329076590777
Hidden confounder,100,0.893,1.9723805097542733,0.023650272818753246
Hidden confounder,101,0.908,2.0198425702532243,0.02264402480875246
Hidden confounder,102,0.862,1.9593588595592102,0.05746697233625158
Hidden confounder,103,0.895,1.924457264065537,0.042785499337913646
Hidden confounder,104,0.842,1.9707975844317551,0.02006702094469017
Hidden confounder,105,0.874,1.9972038006431272,-0.008051636474664364
Hidden confounder,106,0.853,1.975333426396753,-0.08845614029477465
Hidden confounder,107,0.868,1.9536803032873333,-0.04094990355387919
Hidden confounder,108,0.878,2.002687455094019,0.01313485999262146
Hidden confounder,109,0.897,1.9966430800361432,0.008069646529396814
Hidden confounder,110,0.89,2.010349404759449,0.027222317785128267
Hidden confounder,111,0.864,2.0132183820553933,0.01636952801998599
Hidden confounder,112,0.889,1.9466557623957934,0.014006107464280569
Hidden confounder,113,0.892,1.9292526131186813,0.016616527484603152
Hidden confounder,114,0.813,1.9926874432357944,-0.03806885874347977
Hidden confounder,115,0.868,1.9654777795098133,0.02515288866052469
Hidden confounder,116,0.89,1.9885516613149747,-0.0001837401855627442
Hidden confounder,117,0.858,2.0041333407116984,-0.03660028880265917
Hidden confounder,118,0.882,2.030867880283416,0.05465855990801017
Hidden confounder,119,0.885,1.929907203484241,-0.017438758981170335
Hidden confounder,120,0.888,2.108887409330371,0.020014718247781973
Hidden confounder,121,0.889,1.9913696426089171,-0.003226965260043104
Hidden confounder,122,0.864,2.014610022924992,0.021631197118510023
Hidden confounder,123,0.896,2.058901909040119,0.013754192781273553
Hidden confounder,124,0.877,1.9910253484054468,-0.0417358468142797
Hidden confounder,125,0.87,1.995115120924697,0.005950651923549226
Hidden confounder,126,0.879,1.9452552659728675,0.06398935680829504
Hidden confounder,127,0.91,2.0220641897254406,0.013651772408981147
Hidden confounder,128,0.943,1.9953222817647216,0.006165221391241433
Hidden confounder,129,0.836,2.035694874446652,-0.029502297252431323
Hidden confounder,130,0.846,2.040069773918956,0.03325074784801736
Hidden confounder,131,0.902,2.027610117640127,-0.0043205188406893365
Hidden confounder,132,0.86,1.955350959456729,0.07402658897199686
Hidden confounder,133,0.847,1.9773232177870204,-0.13300745595368216
Hidden confounder,134,0.84,1.9775113820469774,0.006432887764595749
Hidden confounder,135,0.893,2.0684177342951444,0.026650228293383506
Hidden confounder,136,0.866,1.9126193670223723,0.04556637342914659
Hidden confounder,137,0.9,2.0069225816039196,-0.023492038064575956
Hidden confounder,138,0.852,2.016796391993307,0.014025369806367182
Hidden confounder,139,0.852,2.0277956251021227,0.01383438432713687
Hidden confounder,140,0.885,1.9635671530592531,0.014051493669940048
Hidden confounder,141,0.878,1.9789733870495068,-0.03121542464411104
Hidden confounder,142,0.865,2.000414769715326,-0.018480202282601898
Hidden confounder,143,0.863,1.995816052412926,-0.033012554571991856
Hidden confounder,144,0.888,2.033603512580571,-0.02609921019856226
Hidden confounder,145,0.855,1.9355183973968344,0.04446044465835159
Hidden confounder,146,0.848,2.064947934899647,-0.008241472192056155
Hidden confounder,147,0.847,1.9737734870891455,0.0712458309251674
Hidden confounder,148,0.88,2.041954222838794,-0.05109366326479845
Hidden confounder,149,0.862,1.9964228326467301,-0.05523329744748975
Hidden confounder,150,0.885,2.055025980876614,0.038312867473821344
Hidden confounder,151,0.851,2.036377986440768,0.05804119855294943
Hidden confounder,152,0.873,1.9630272426556474,-0.001621461731529672
Hidden confounder,153,0.863,1.9432370807249697,0.0022691504255372284
Hidden confounder,154,0.895,1.999832310274937,-0.043387167736825466
Hidden confounder,155,0.898,2.0737526296354485,0.010758761183378006
Hidden confounder,156,0.879,2.0261499113353665,0.04636074644867666
Hidden confounder,157,0.882,1.9726848835912068,-0.009268824624466697
Hidden confounder,158,0.866,1.9904938612704137,-0.017008354054973446
Hidden confounder,159,0.867,1.9640078446692482,-0.027135902135312105
Hidden confounder,160,0.879,1.9806730475062657,-0.018521540479041067
Hidden confounder,161,0.863,1.9953844313768083,-0.007225699985674829
Hidden confounder,162,0.908,1.983956043949309,0.03872525773980601
Hidden confounder,163,0.893,2.0776375001796383,-0.0014105133132716963
Hidden confounder,164,0.892,1.981527420753601,0.012548770786110268
Hidden confounder,165,0.871,1.982705502027688,-0.07904069791091659
Hidden confounder,166,0.877,2.042342129367241,-0.06447942366115898
Hidden confounder,167,0.851,1.9872294089521112,-0.006998679464278424
Hidden confounder,168,0.855,1.9449145166275912,0.031154287883978792
Hidden confounder,169,0.881,1.9504984687079714,0.03513730503983229
Hidden confounder,170,0.811,1.967532324930631,0.03031883056811921
Hidden confounder,171,0.917,2.0245635460639098,-0.06270617711495824
Hidden confounder,172,0.915,2.05025555365831,-0.03794656986748063
Hidden confounder,173,0.824,1.9611830217609039,0.08951396124034777
Hidden confounder,174,0.838,2.007351556106631,0.016984270735787288
Hidden confounder,175,0.873,2.016179094414999,0.038005233205656894
Hidden confounder,176,0.86,2.0254343089644706,0.014277192412173463
Hidden confounder,177,0.827,1.9753483498133202,0.02166666581448435
Hidden confounder,178,0.851,1.9567768202828189,-0.027459611975040446
Hidden confounder,179,0.895,2.017102998631052,-0.03209064811243034
Hidden confounder,180,0.848,2.064518308979873,0.03672954171944241
Hidden confounder,181,0.833,1.971636160846145,0.016724614231708183
Hidden confounder,182,0.869,2.028380761526164,0.004622711745870016
Hidden confounder,183,0.851,2.0199377690781857,0.02072688118113226
Hidden confounder,184,0.855,1.9830015178484546,-0.009971511747469205
Hidden confounder,185,0.888,1.960601694278668,0.048380912841891076
Hidden confounder,186,0.852,2.0228000497505594,-0.024492329486942556
Hidden confounder,187,0.843,2.019293606183303,0.028789218467205547
Hidden confounder,188,0.875,1.9858601268480824,-0.00864316207305212
Hidden confounder,189,0.871,1.982041613114765,0.006267532147504077
Hidden confounder,190,0.895,1.9594139698629665,-0.01826172486410057
Hidden confounder,191,0.884,2.006823801663348,0.05057621786640019
Hidden confounder,192,0.872,2.003194383103568,-0.022266607116665494
Hidden confounder,193,0.882,1.997110694525796,-0.014921017855016119
Hidden confounder,194,0.886,1.9716268326172803,0.03665709243324989
Hidden confounder,195,0.915,1.9521702336067293,-0.07795900222197891
Hidden confounder,196,0.841,2.032076791166552,0.046461109428366724
Hidden confounder,197,0.897,2.0287614783971875,0.05753377740687033
Hidden confounder,198,0.862,2.08245326146438,0.0203108188306192
Hidden confounder,199,0.872,2.005499151510191,-0.0035475440447914216
Emission shift,0,0.176,1.0048178687852691,-1.004450161614444
Emission shift,1,0.074,1.0128400777708544,-1.0356491919263577
Emission shift,2,0.15,1.0220920953244368,-0.9605660449257439
Emission shift,3,0.153,0.9546401066973118,-1.0263117165185676
Emission shift,4,0.093,0.9922985768818344,-0.992581988301334
Emission shift,5,0.109,1.021396960820508,-1.009449986956905
Emission shift,6,0.131,0.9509210150823866,-1.036191424693981
Emission shift,7,0.116,1.0333356323230092,-0.9716446564629238
Emission shift,8,0.141,1.0085607886362913,-1.003799365851812
Emission shift,9,0.11,0.987956225667969,-1.0263865626181679
Emission shift,10,0.131,1.023655077848817,-0.9759865027588315
Emission shift,11,0.141,0.9951380529644296,-1.0019490371883597
Emission shift,12,0.146,1.010583376204913,-0.9515512561622841
Emission shift,13,0.133,0.991925126665312,-1.0056198053392964
Emission shift,14,0.101,1.0210746256841485,-0.9613417944633389
Emission shift,15,0.076,1.0022691733505205,-0.9452679982112153
Emission shift,16,0.133,1.0120094334580052,-1.007734180489321
Emission shift,17,0.106,1.0281631085658494,-0.9889194063297246
Emission shift,18,0.086,1.037199979499332,-1.013059469453717
Emission shift,19,0.152,0.9612165833901902,-0.9941080049265152
Emission shift,20,0.129,1.0255632576479996,-1.0333711409988964
Emission shift,21,0.137,0.9905902865217644,-0.9749914541488284
Emission shift,22,0.096,1.0082794568800026,-0.9910511692570063
Emission shift,23,0.124,0.9738902743261377,-0.9651750592923629
Emission shift,24,0.122,1.0117246938244495,-0.9714385096924283
Emission shift,25,0.14,1.0161824551622611,-0.9983699790771214
Emission shift,26,0.131,1.0187043322931442,-0.97650712333109
Emission shift,27,0.168,1.0075210496476816,-1.0354518885521578
Emission shift,28,0.096,0.995860927363684,-1.017389524676396
Emission shift,29,0.148,1.0079927534346722,-1.0436369964517211
Emission shift,30,0.122,1.0363106951202603,-0.973247776339195
Emission shift,31,0.172,1.0046521458723667,-0.9359224010643306
Emission shift,32,0.122,0.9665461516085181,-0.9922882879326503
Emission shift,33,0.117,1.053183114933123,-1.0371868827519513
Emission shift,34,0.121,0.9796355496758897,-1.0358975650804474
Emission shift,35,0.139,1.0031881689514583,-1.0127055162765852
Emission shift,36,0.093,1.0109973573376476,-0.9860893285938953
Emission shift,37,0.104,1.0503563741934194,-1.0173840599266186
Emission shift,38,0.111,1.0229245988730349,-0.979884203121006
Emission shift,39,0.12,0.9761431601147934,-0.936837918391831
Emission shift,40,0.113,0.993074718188169,-1.052098324449119
Emission shift,41,0.132,1.0736141283089953,-0.9319926528699869
Emission shift,42,0.154,0.937514340206429,-1.040158298922834
Emission shift,43,0.101,1.0461809355342697,-1.00279503670611
Emission shift,44,0.111,0.9799464909091931,-1.0113934323558997
Emission shift,45,0.115,1.0325088251770027,-1.0278143115278007
Emission shift,46,0.091,0.9865931441104657,-1.0119358265643743
Emission shift,47,0.102,1.0287499009494145,-1.0543347859477397
Emission shift,48,0.176,0.9933901299335195,-0.985004517426397
Emission shift,49,0.115,1.0096649878647816,-0.9743786274394881
Emission shift,50,0.143,0.9967658207898884,-0.9987542414062321
Emission shift,51,0.122,1.013027079846291,-0.9964477172887635
Emission shift,52,0.122,1.0140866430815243,-0.9836743814756703
Emission shift,53,0.11,1.0342324971855028,-1.0088936019276555
Emission shift,54,0.158,0.9686238671686436,-0.9950306947123188
Emission shift,55,0.098,0.9897177159873884,-1.0391607704655765
Emission shift,56,0.112,1.0114040928735917,-1.0731287862151448
Emission shift,57,0.108,1.0158613179314362,-0.9347802027145707
Emission shift,58,0.108,0.98426610025359,-0.9971265343597765
Emission shift,59,0.126,0.9537821150264789,-0.9770253656704866
Emission shift,60,0.094,0.9407001668278294,-1.0415011308673054
Emission shift,61,0.114,1.0219881972111633,-1.0607255207232769
Emission shift,62,0.116,0.9797170350501229,-0.9984921877904875
Emission shift,63,0.133,0.9850039010635915,-0.9970189136124861
Emission shift,64,0.131,0.9487835854411988,-0.979466699938859
Emission shift,65,0.124,0.9615883060022539,-1.0196331926430484
Emission shift,66,0.123,1.0121555606998982,-0.9960765533806579
Emission shift,67,0.124,1.0063598407315246,-0.9905985389127236
Emission shift,68,0.129,1.0121337683979963,-1.004928055901699
Emission shift,69,0.121,0.9377339071186879,-1.0265113762322668
Emission shift,70,0.121,0.9273261227758598,-0.9917702575492618
Emission shift,71,0.088,1.035437327267596,-1.0502838805397827
Emission shift,72,0.121,0.9933122417782694,-0.9850749353980544
Emission shift,73,0.146,0.9931768751591239,-0.989947797752432
Emission shift,74,0.088,1.0274604159515177,-0.9945278394606143
Emission shift,75,0.153,1.0301705274818382,-1.0060397213694465
Emission shift,76,0.131,0.957731365270617,-0.9977089107096228
Emission shift,77,0.116,1.001515390870904,-0.9685071808382999
Emission shift,78,0.142,0.9766014688113993,-0.9951459375318296
Emission shift,79,0.175,0.9830739588542123,-0.999734542840689
Emission shift,80,0.127,0.9786005618591971,-0.9898489025764674
Emission shift,81,0.123,0.967708600202478,-0.9643980116615847
Emission shift,82,0.103,1.0650643710225944,-0.9883145364922677
Emission shift,83,0.108,1.0268061217092224,-1.008369912668412
Emission shift,84,0.167,1.0336116549311534,-0.948330251528221
Emission shift,85,0.138,1.0378872287130325,-1.040567893171918
Emission shift,86,0.131,1.0216510236035656,-1.0499266904485074
Emission shift,87,0.135,0.989717168583734,-1.0095147772802455
Emission shift,88,0.128,1.0093884303302025,-1.074742145906456
Emission shift,89,0.071,0.9844510780054261,-1.0433412117539471
Emission shift,90,0.147,0.9805165031681848,-0.97968956192407
Emission shift,91,0.133,1.0231335419702474,-0.9958232870589234
Emission shift,92,0.113,1.0305961940277273,-0.9633353547124603
Emission shift,93,0.12,0.9983518617166742,-1.0580385834178476
Emission shift,94,0.108,0.9485413677360408,-1.0010175279499718
Emission shift,95,0.148,0.9894806463717152,-1.0142563712069594
Emission shift,96,0.108,0.9850750882788513,-0.975040370435442
Emission shift,97,0.097,1.0351083914403008,-1.0160321674599482
Emission shift,98,0.158,1.0182509169613523,-0.9979946350455882
Emission shift,99,0.145,0.9294369934974391,-0.9513157092970661
Emission shift,100,0.129,1.0067601441513077,-0.9802244386519433
Emission shift,101,0.113,1.0379699297489862,-1.0462238787564235
Emission shift,102,0.113,0.960633902675746,-0.950051851279039
Emission shift,103,0.115,0.9552307624747103,-1.0208472340886763
Emission shift,104,0.126,0.9865184899648747,-1.044928061061863
Emission shift,105,0.133,0.9957918865349653,-1.0077778469926222
Emission shift,106,0.159,1.011675253958607,-1.0247047854601918
Emission shift,107,0.154,1.003927243898867,-1.0358298875947427
Emission shift,108,0.145,1.0502464351774332,-0.9757816375369779
Emission shift,109,0.102,1.0054421702981926,-1.0252060052594842
Emission shift,110,0.138,1.0168354752353406,-0.9703457203656597
Emission shift,111,0.149,1.0029834556399022,-1.003486552482924
Emission shift,112,0.102,0.9843728961847891,-0.9596821027615756
Emission shift,113,0.122,0.9946628497970367,-1.0085023399439046
Emission shift,114,0.183,0.9726642783166626,-1.0070534151998753
Emission shift,115,0.097,0.9629285885518784,-0.9819901890886819
Emission shift,116,0.171,0.9872727290991488,-0.9759135935496662
Emission shift,117,0.121,0.9872839368622364,-1.011029957631018
Emission shift,118,0.127,0.9436359230360436,-0.9790254602697319
Emission shift,119,0.133,0.9561968152138449,-1.0152322563698692
Emission shift,120,0.133,1.0439824936264928,-0.9786882985845047
Emission shift,121,0.132,1.0244141213719222,-1.0235025514378495
Emission shift,122,0.16,0.8929246931831165,-0.9993042182993569
Emission shift,123,0.075,1.0707710923651694,-0.970837295178642
Emission shift,124,0.12,0.9725960927551704,-1.042566622156769
Emission shift,125,0.109,0.9216851532559796,-0.9991802237021925
Emission shift,126,0.115,0.9341002204286565,-1.003565554532018
Emission shift,127,0.081,1.0243552884582503,-1.0115356741826216
Emission shift,128,0.097,1.010972629056909,-0.9917805248503215
Emission shift,129,0.135,1.0005534968304166,-1.0326033910983627
Emission shift,130,0.154,1.0301215986183485,-1.0110609442267524
Emission shift,131,0.107,0.9935382628963731,-1.0206357886272106
Emission shift,132,0.095,0.9289166200070236,-0.9991023216227883
Emission shift,133,0.134,1.042010780307344,-1.046132029895002
Emission shift,134,0.154,1.02632252431746,-0.9927705436148628
Emission shift,135,0.09,0.986644429401754,-1.0044031007410819
Emission shift,136,0.122,0.9596556545392345,-1.004701095911859
Emission shift,137,0.162,1.0024645477700453,-0.9823380590524703
Emission shift,138,0.137,0.9914748548817265,-0.9829449220196846
Emission shift,139,0.129,0.9601948668098526,-1.0629556164152834
Emission shift,140,0.15,0.9898258767957053,-0.9553679478396793
Emission shift,141,0.13,0.9606626061695775,-1.008782970177998
Emission shift,142,0.093,1.0169307679912996,-1.0145063054684382
Emission shift,143,0.143,1.0435931246481545,-0.9730896374804489
Emission shift,144,0.111,1.0107437838927709,-0.9541132357505375
Emission shift,145,0.088,1.0004280636180851,-0.9889251665950807
Emission shift,146,0.135,1.0406479327287776,-0.9753809180881845
Emission shift,147,0.166,0.9929031931747101,-0.9733984841637249
Emission shift,148,0.095,1.0359263620190546,-1.0615491059358193
Emission shift,149,0.114,1.0240361576097485,-0.9729894733349356
Emission shift,150,0.15,0.9827540288435326,-0.9896859939704055
Emission shift,151,0.169,0.9891957595663707,-0.9819317852176392
Emission shift,152,0.093,1.0071059504889779,-0.9954497724958196
Emission shift,153,0.127,0.9660000249777427,-0.9295251298284923
Emission shift,154,0.113,0.9823778473109503,-1.0425138225152228
Emission shift,155,0.13,1.0291364191080485,-1.0307286931960173
Emission shift,156,0.118,0.9846466497768558,-0.9623541944413158
Emission shift,157,0.144,0.9593753902979025,-1.0263527932284302
Emission shift,158,0.124,1.0114578549671496,-1.0260222412150612
Emission shift,159,0.121,1.0234936884312882,-1.0252397384882803
Emission shift,160,0.104,0.9539245163579075,-1.0395038661509086
Emission shift,161,0.12,1.0026645729172463,-0.993189953398117
Emission shift,162,0.091,1.0018369992900276,-0.9289454892991827
Emission shift,163,0.123,1.0371751018017152,-1.0081053452734352
Emission shift,164,0.107,1.0105031665687765,-0.9889933693048942
Emission shift,165,0.126,0.9594792305278201,-1.0075438787695083
Emission shift,166,0.112,0.9834965926661022,-1.0195794178336002
Emission shift,167,0.105,0.9794727903488605,-1.0286524543648639
Emission shift,168,0.126,0.9851845375477328,-0.982184549381705
Emission shift,169,0.111,0.9977426980311058,-0.9507191013635065
Emission shift,170,0.118,0.9900694013853788,-1.0263944739109592
Emission shift,171,0.112,1.0078225621407373,-1.012963350468087
Emission shift,172,0.088,1.0288800078176312,-1.0312102006109873
Emission shift,173,0.164,0.9926112641984158,-0.9549818139254957
Emission shift,174,0.139,1.0420442273214252,-0.9370814462912493
Emission shift,175,0.124,1.0229556831781899,-0.9956938137103178
Emission shift,176,0.146,0.9983488022413853,-0.9743203552743924
Emission shift,177,0.133,1.0003402159792651,-1.051100097247452
Emission shift,178,0.153,0.9632806005202421,-0.9861045526474759
Emission shift,179,0.155,1.0114347685491272,-1.064733590037453
Emission shift,180,0.117,0.9941117301726785,-1.0048498593817716
Emission shift,181,0.146,0.9904488121843076,-0.9842585156530257
Emission shift,182,0.158,1.0231017084953216,-0.9657314868151401
Emission shift,183,0.101,1.0371052234090528,-1.0070174346477985
Emission shift,184,0.167,0.9907312434466564,-0.9732756034885246
Emission shift,185,0.131,0.9822257699258106,-0.8977544018006075
Emission shift,186,0.166,1.0442901888101273,-1.004808453589082
Emission shift,187,0.172,0.9833121118694769,-1.003673755839144
Emission shift,188,0.142,0.9610108747642534,-1.003885551761077
Emission shift,189,0.089,1.0335744105586178,-1.0154700816122801
Emission shift,190,0.089,0.9517950658543239,-0.9651685958985952
Emission shift,191,0.126,0.9205674889079999,-1.0016900466564174
Emission shift,192,0.086,0.9985298085656102,-1.032672327323141
Emission shift,193,0.164,0.9765317381992462,-0.9969708776827853
Emission shift,194,0.121,0.9978597246216878,-0.9726343956137831
Emission shift,195,0.07,0.9934801112543103,-0.9981218337353646
Emission shift,196,0.105,1.0367355946289547,-0.9819205698585582
Emission shift,197,0.085,1.0725429608454236,-0.9372288623084805
Emission shift,198,0.123,1.0191087830090315,-0.9857999902330571
Emission shift,199,0.095,1.0149977466007156,-1.018150569642307
Inactive second regime,0,0.817,1.0048178687852691,-0.004450161614443671
Inactive second regime,1,0.901,1.0128400777708544,-0.035649191926359736
Inactive second regime,2,0.883,1.0220920953244368,0.03943395507425562
Inactive second regime,3,0.881,0.9546401066973118,-0.026311716518566675
Inactive second regime,4,0.912,0.9922985768818344,0.0074180116986657385
Inactive second regime,5,0.888,1.021396960820508,-0.009449986956904022
Inactive second regime,6,0.846,0.9509210150823866,-0.036191424693980956
Inactive second regime,7,0.885,1.0333356323230092,0.028355343537076028
Inactive second regime,8,0.839,1.0085607886362913,-0.0037993658518120643
Inactive second regime,9,0.87,0.987956225667969,-0.02638656261816741
Inactive second regime,10,0.87,1.023655077848817,0.024013497241168302
Inactive second regime,11,0.864,0.9951380529644296,-0.0019490371883605917
Inactive second regime,12,0.843,1.010583376204913,0.048448743837716135
Inactive second regime,13,0.828,0.991925126665312,-0.00561980533929618
Inactive second regime,14,0.902,1.0210746256841485,0.03865820553666166
Inactive second regime,15,0.892,1.0022691733505205,0.05473200178878468
Inactive second regime,16,0.896,1.0120094334580052,-0.007734180489320841
Inactive second regime,17,0.89,1.0281631085658494,0.011080593670275363
Inactive second regime,18,0.87,1.037199979499332,-0.013059469453716055
Inactive second regime,19,0.884,0.9612165833901902,0.005891995073485479
Inactive second regime,20,0.855,1.0255632576479996,-0.03337114099889549
Inactive second regime,21,0.854,0.9905902865217644,0.025008545851171515
Inactive second regime,22,0.899,1.0082794568800026,0.008948830742993463
Inactive second regime,23,0.896,0.9738902743261377,0.03482494070763731
Inactive second regime,24,0.862,1.0117246938244495,0.028561490307570714
Inactive second regime,25,0.838,1.0161824551622611,0.0016300209228785612
Inactive second regime,26,0.862,1.0187043322931442,0.02349287666890998
Inactive second regime,27,0.853,1.0075210496476816,-0.03545188855215864
Inactive second regime,28,0.894,0.995860927363684,-0.01738952467639554
Inactive second regime,29,0.896,1.0079927534346722,-0.043636996451720145
Inactive second regime,30,0.848,1.0363106951202603,0.026752223660804653
Inactive second regime,31,0.855,1.0046521458723667,0.06407759893566944
Inactive second regime,32,0.882,0.9665461516085181,0.00771171206734933
Inactive second regime,33,0.838,1.053183114933123,-0.037186882751951256
Inactive second regime,34,0.89,0.9796355496758897,-0.03589756508044606
Inactive second regime,35,0.861,1.0031881689514583,-0.012705516276585699
Inactive second regime,36,0.909,1.0109973573376476,0.013910671406103498
Inactive second regime,37,0.882,1.0503563741934194,-0.0173840599266184
Inactive second regime,38,0.905,1.0229245988730349,0.020115796878994008
Inactive second regime,39,0.888,0.9761431601147934,0.06316208160817172
Inactive second regime,40,0.855,0.993074718188169,-0.052098324449119104
Inactive second regime,41,0.856,1.0736141283089953,0.06800734713001244
Inactive second regime,42,0.867,0.937514340206429,-0.04015829892283085
Inactive second regime,43,0.894,1.0461809355342697,-0.0027950367061104764
Inactive second regime,44,0.901,0.9799464909091931,-0.011393432355900512
Inactive second regime,45,0.889,1.0325088251770027,-0.027814311527801117
Inactive second regime,46,0.897,0.9865931441104657,-0.011935826564374863
Inactive second regime,47,0.916,1.0287499009494145,-0.05433478594773927
Inactive second regime,48,0.874,0.9933901299335195,0.014995482573603391
Inactive second regime,49,0.89,1.0096649878647816,0.025621372560511863
Inactive second regime,50,0.887,0.9967658207898884,0.0012457585937686033
Inactive second regime,51,0.921,1.013027079846291,0.0035522827112359004
Inactive second regime,52,0.882,1.0140866430815243,0.016325618524328567
Inactive second regime,53,0.888,1.0342324971855028,-0.008893601927655537
Inactive second regime,54,0.853,0.9686238671686436,0.004969305287680692
Inactive second regime,55,0.878,0.9897177159873884,-0.03916077046557587
Inactive second regime,56,0.874,1.0114040928735917,-0.07312878621514485
Inactive second regime,57,0.904,1.0158613179314362,0.0652197972854297
Inactive second regime,58,0.875,0.98426610025359,0.0028734656402231717
Inactive second regime,59,0.892,0.9537821150264789,0.022974634329512744
Inactive second regime,60,0.919,0.9407001668278294,-0.041501130867305086
Inactive second regime,61,0.864,1.0219881972111633,-0.06072552072327675
Inactive second regime,62,0.865,0.9797170350501229,0.0015078122095120161
Inactive second regime,63,0.889,0.9850039010635915,0.0029810863875137095
Inactive second regime,64,0.891,0.9487835854411988,0.020533300061141402
Inactive second regime,65,0.875,0.9615883060022539,-0.01963319264304908
Inactive second regime,66,0.892,1.0121555606998982,0.003923446619342519
Inactive second regime,67,0.889,1.0063598407315246,0.009401461087275909
Inactive second regime,68,0.905,1.0121337683979963,-0.004928055901699535
Inactive second regime,69,0.89,0.9377339071186879,-0.026511376232267736
Inactive second regime,70,0.889,0.9273261227758598,0.008229742450737598
Inactive second regime,71,0.861,1.035437327267596,-0.050283880539785164
Inactive second regime,72,0.937,0.9933122417782694,0.014925064601945204
Inactive second regime,73,0.834,0.9931768751591239,0.010052202247567199
Inactive second regime,74,0.854,1.0274604159515177,0.005472160539386373
Inactive second regime,75,0.86,1.0301705274818382,-0.006039721369446416
Inactive second regime,76,0.853,0.957731365270617,0.0022910892903778013
Inactive second regime,77,0.85,1.001515390870904,0.0314928191617001
Inactive second regime,78,0.88,0.9766014688113993,0.00485406246817166
Inactive second regime,79,0.848,0.9830739588542123,0.0002654571593104227
Inactive second regime,80,0.885,0.9786005618591971,0.010151097423534372
Inactive second regime,81,0.864,0.967708600202478,0.035601988338416435
Inactive second regime,82,0.887,1.0650643710225944,0.01168546350773203
Inactive second regime,83,0.855,1.0268061217092224,-0.008369912668413665
Inactive second regime,84,0.879,1.0336116549311534,0.051669748471775356
Inactive second regime,85,0.888,1.0378872287130325,-0.040567893171918445
Inactive second regime,86,0.884,1.0216510236035656,-0.04992669044850684
Inactive second regime,87,0.864,0.989717168583734,-0.009514777280245967
Inactive second regime,88,0.88,1.0093884303302025,-0.07474214590645611
Inactive second regime,89,0.927,0.9844510780054261,-0.04334121175394767
Inactive second regime,90,0.867,0.9805165031681848,0.020310438075930026
Inactive second regime,91,0.836,1.0231335419702474,0.00417671294107691
Inactive second regime,92,0.882,1.0305961940277273,0.03666464528754165
Inactive second regime,93,0.85,0.9983518617166742,-0.05803858341784707
Inactive second regime,94,0.86,0.9485413677360408,-0.0010175279499731182
Inactive second regime,95,0.858,0.9894806463717152,-0.014256371206959939
Inactive second regime,96,0.898,0.9850750882788513,0.024959629564555774
Inactive second regime,97,0.901,1.0351083914403008,-0.016032167459947733
Inactive second regime,98,0.857,1.0182509169613523,0.0020053649544116148
Inactive second regime,99,0.858,0.9294369934974391,0.04868429070293401
Inactive second regime,100,0.893,1.0067601441513077,0.019775561348056803
Inactive second regime,101,0.908,1.0379699297489862,-0.04622387875642531
Inactive second regime,102,0.862,0.960633902675746,0.04994814872096098
Inactive second regime,103,0.895,0.9552307624747103,-0.02084723408867628
Inactive second regime,104,0.842,0.9865184899648747,-0.04492806106186442
Inactive second regime,105,0.874,0.9957918865349653,-0.007777846992621962
Inactive second regime,106,0.853,1.011675253958607,-0.024704785460191614
Inactive second regime,107,0.868,1.003927243898867,-0.03582988759474226
Inactive second regime,108,0.878,1.0502464351774332,0.024218362463022447
Inactive second regime,109,0.897,1.0054421702981926,-0.02520600525948366
Inactive second regime,110,0.89,1.0168354752353406,0.02965427963434153
Inactive second regime,111,0.864,1.0029834556399022,-0.0034865524829239547
Inactive second regime,112,0.889,0.9843728961847891,0.040317897238424494
Inactive second regime,113,0.892,0.9946628497970367,-0.008502339943904008
Inactive second regime,114,0.813,0.9726642783166626,-0.007053415199875679
Inactive second regime,115,0.868,0.9629285885518784,0.018009810911318924
Inactive second regime,116,0.89,0.9872727290991488,0.024086406450332998
Inactive second regime,117,0.858,0.9872839368622364,-0.011029957631017329
Inactive second regime,118,0.882,0.9436359230360436,0.020974539730268527
Inactive second regime,119,0.885,0.9561968152138449,-0.015232256369869246
Inactive second regime,120,0.888,1.0439824936264928,0.021311701415495446
Inactive second regime,121,0.889,1.0244141213719222,-0.023502551437849073
Inactive second regime,122,0.864,0.8929246931831165,0.0006957817006436606
Inactive second regime,123,0.896,1.0707710923651694,0.029162704821357188
Inactive second regime,124,0.877,0.9725960927551704,-0.04256662215676921
Inactive second regime,125,0.87,0.9216851532559796,0.0008197762978077172
Inactive second regime,126,0.879,0.9341002204286565,-0.0035655545320176785
Inactive second regime,127,0.91,1.0243552884582503,-0.011535674182621414
Inactive second regime,128,0.943,1.010972629056909,0.008219475149678412
Inactive second regime,129,0.836,1.0005534968304166,-0.032603391098362536
Inactive second regime,130,0.846,1.0301215986183485,-0.01106094422675219
Inactive second regime,131,0.902,0.9935382628963731,-0.020635788627210605
Inactive second regime,132,0.86,0.9289166200070236,0.0008976783772116637
Inactive second regime,133,0.847,1.042010780307344,-0.04613202989500231
Inactive second regime,134,0.84,1.02632252431746,0.007229456385137167
Inactive second regime,135,0.893,0.986644429401754,-0.004403100741081856
Inactive second regime,136,0.866,0.9596556545392345,-0.004701095911857522
Inactive second regime,137,0.9,1.0024645477700453,0.017661940947531152
Inactive second regime,138,0.852,0.9914748548817265,0.017055077980315136
Inactive second regime,139,0.852,0.9601948668098526,-0.06295561641528338
Inactive second regime,140,0.885,0.9898258767957053,0.044632052160321345
Inactive second regime,141,0.878,0.9606626061695775,-0.00878297017799845
Inactive second regime,142,0.865,1.0169307679912996,-0.014506305468438674
Inactive second regime,143,0.863,1.0435931246481545,0.026910362519551256
Inactive second regime,144,0.888,1.0107437838927709,0.04588676424946196
Inactive second regime,145,0.855,1.0004280636180851,0.011074833404919215
Inactive second regime,146,0.848,1.0406479327287776,0.024619081911815277
Inactive second regime,147,0.847,0.9929031931747101,0.02660151583627557
Inactive second regime,148,0.88,1.0359263620190546,-0.06154910593581797
Inactive second regime,149,0.862,1.0240361576097485,0.027010526665063206
Inactive second regime,150,0.885,0.9827540288435326,0.01031400602959421
Inactive second regime,151,0.851,0.9891957595663707,0.018068214782360315
Inactive second regime,152,0.873,1.0071059504889779,0.004550227504179993
Inactive second regime,153,0.863,0.9660000249777427,0.07047487017150789
Inactive second regime,154,0.895,0.9823778473109503,-0.042513822515222954
Inactive second regime,155,0.898,1.0291364191080485,-0.030728693196018453
Inactive second regime,156,0.879,0.9846466497768558,0.03764580555868535
Inactive second regime,157,0.882,0.9593753902979025,-0.026352793228430427
Inactive second regime,158,0.866,1.0114578549671496,-0.026022241215060138
Inactive second regime,159,0.867,1.0234936884312882,-0.02523973848828076
Inactive second regime,160,0.879,0.9539245163579075,-0.03950386615090884
Inactive second regime,161,0.863,1.0026645729172463,0.006810046601882669
Inactive second regime,162,0.908,1.0018369992900276,0.07105451070081648
Inactive second regime,163,0.893,1.0371751018017152,-0.008105345273435205
Inactive second regime,164,0.892,1.0105031665687765,0.011006630695105102
Inactive second regime,165,0.871,0.9594792305278201,-0.007543878769507684
Inactive second regime,166,0.877,0.9834965926661022,-0.019579417833601065
Inactive second regime,167,0.851,0.9794727903488605,-0.0286524543648643
Inactive second regime,168,0.855,0.9851845375477328,0.01781545061829487
Inactive second regime,169,0.881,0.9977426980311058,0.04928089863649365
Inactive second regime,170,0.811,0.9900694013853788,-0.026394473910958505
Inactive second regime,171,0.917,1.0078225621407373,-0.012963350468087498
Inactive second regime,172,0.915,1.0288800078176312,-0.031210200610987116
Inactive second regime,173,0.824,0.9926112641984158,0.045018186074504696
Inactive second regime,174,0.838,1.0420442273214252,0.06291855370875088
Inactive second regime,175,0.873,1.0229556831781899,0.004306186289682934
Inactive second regime,176,0.86,0.9983488022413853,0.025679644725606493
Inactive second regime,177,0.827,1.0003402159792651,-0.05110009724745157
Inactive second regime,178,0.851,0.9632806005202421,0.013895447352523682
Inactive second regime,179,0.895,1.0114347685491272,-0.06473359003745238
Inactive second regime,180,0.848,0.9941117301726785,-0.00484985938177207
Inactive second regime,181,0.833,0.9904488121843076,0.015741484346974532
Inactive second regime,182,0.869,1.0231017084953216,0.03426851318485902
Inactive second regime,183,0.851,1.0371052234090528,-0.007017434647799248
Inactive second regime,184,0.855,0.9907312434466564,0.02672439651147518
Inactive second regime,185,0.888,0.9822257699258106,0.1022455981993926
Inactive second regime,186,0.852,1.0442901888101273,-0.004808453589081552
Inactive second regime,187,0.843,0.9833121118694769,-0.003673755839142201
Inactive second regime,188,0.875,0.9610108747642534,-0.0038855517610782986
Inactive second regime,189,0.871,1.0335744105586178,-0.015470081612280362
Inactive second regime,190,0.895,0.9517950658543239,0.03483140410140306
Inactive second regime,191,0.884,0.9205674889079999,-0.0016900466564180316
Inactive second regime,192,0.872,0.9985298085656102,-0.03267232732314085
Inactive second regime,193,0.882,0.9765317381992462,0.0030291223172145276
Inactive second regime,194,0.886,0.9978597246216878,0.027365604386217046
Inactive second regime,195,0.915,0.9934801112543103,0.0018781662646358832
Inactive second regime,196,0.841,1.0367355946289547,0.01807943014144131
Inactive second regime,197,0.897,1.0725429608454236,0.06277113769151987
Inactive second regime,198,0.862,1.0191087830090315,0.0142000097669438
Inactive second regime,199,0.872,1.0149977466007156,-0.018150569642307213
