capital,depth,agents,trade_fraction,shared_error,seed,shock_effect_max_price_drawdown,shock_effect_crash,shock_effect_ai_net_return,shock_effect_turnover
1000000,200000,20,0.01,0.0,101,0.051443487890402984,0,0.0037590290394483583,0.0368848070845218
1000000,200000,20,0.01,0.0,202,0.0749885837703822,0,0.001394541338566757,0.051169108855800394
1000000,200000,20,0.01,0.0,303,0.07114296021219157,1,0.009272442042090212,0.055401857303621904
1000000,200000,20,0.01,0.8,101,0.05128641860459271,0,0.005554253892093963,0.0538426140334205
1000000,200000,20,0.01,0.8,202,0.07450999282285153,0,-0.0012186846267684404,0.05180077908327485
1000000,200000,20,0.01,0.8,303,0.0714555219458648,1,0.011526986514305504,0.07147076701945143
1000000,200000,20,0.05,0.0,101,0.050785002353739395,0,0.0029018712201531738,0.09278233542678116
1000000,200000,20,0.05,0.0,202,0.07229275177629169,0,0.005235534519661522,0.058067318848191274
1000000,200000,20,0.05,0.0,303,0.07083821687038216,1,0.014823223319333056,0.15691796867976793
1000000,200000,20,0.05,0.8,101,0.04868956993325446,0,0.008558368346835432,0.10302273729279943
1000000,200000,20,0.05,0.8,202,0.06969315724275049,0,0.003690638856186701,0.08479561837902105
1000000,200000,20,0.05,0.8,303,0.07121855566661195,1,0.015982784707782693,0.3807908772819184
1000000,200000,60,0.01,0.0,101,0.05217233110857489,0,0.00320892558750141,0.038657233046930584
1000000,200000,60,0.01,0.0,202,0.07452321139160423,0,0.0016686013588513848,0.040424785968970145
1000000,200000,60,0.01,0.0,303,0.07122611100752085,1,0.009515103771450928,0.0642894281265809
1000000,200000,60,0.01,0.8,101,0.050776439993167166,0,0.00500456627417456,0.0437286811582529
1000000,200000,60,0.01,0.8,202,0.07444851135286923,0,-0.0009247699036218915,0.04714379296038773
1000000,200000,60,0.01,0.8,303,0.07137181848868313,1,0.011070294322437668,0.07032283212856116
1000000,200000,60,0.05,0.0,101,0.05131413577660782,0,0.0035882068565578074,0.0866918787659765
1000000,200000,60,0.05,0.0,202,0.07211941784917986,0,0.005247361803986439,0.06761722747845145
1000000,200000,60,0.05,0.0,303,0.07058857473803493,1,0.014438294108357841,0.1892425820344199
1000000,200000,60,0.05,0.8,101,0.047849153918026466,0,0.008590561015336173,0.10201405151952869
1000000,200000,60,0.05,0.8,202,0.07099221833203806,0,0.00361418247824985,0.0894670621435143
1000000,200000,60,0.05,0.8,303,0.07072103541401564,1,0.015873361746696846,0.32773328189398176
1000000,1000000,20,0.01,0.0,101,0.052393518468881184,0,0.004649849584319243,0.04622924125344241
1000000,1000000,20,0.01,0.0,202,0.07558837600023671,0,0.0019476856363491724,0.06209266456624807
1000000,1000000,20,0.01,0.0,303,0.07257296094711718,1,0.011088315256408965,0.06547570973172889
1000000,1000000,20,0.01,0.8,101,0.052306325978710655,0,0.006865438925149792,0.06544854055842109
1000000,1000000,20,0.01,0.8,202,0.07555151078185773,0,-0.0005245376244240596,0.06401900233125479
1000000,1000000,20,0.01,0.8,303,0.07267179011880631,1,0.01334368079674797,0.07934745478188932
1000000,1000000,20,0.05,0.0,101,0.052399954788918124,0,0.004766054217421711,0.1291293384590877
1000000,1000000,20,0.05,0.0,202,0.0750014789935074,0,0.009173707481014315,0.1236794173964868
1000000,1000000,20,0.05,0.0,303,0.07252385136033135,1,0.018218566589202068,0.18596012983008103
1000000,1000000,20,0.05,0.8,101,0.05124714609851444,0,0.009906433077120358,0.22696166690376707
1000000,1000000,20,0.05,0.8,202,0.07466306902736275,0,0.007541776218646712,0.16296838544553172
1000000,1000000,20,0.05,0.8,303,0.07249423317511206,1,0.019620917647884317,0.35121236026446256
1000000,1000000,60,0.01,0.0,101,0.0525760950447548,0,0.00393523544669927,0.041431134571262795
1000000,1000000,60,0.01,0.0,202,0.07554224849247437,0,0.0022132755927892767,0.0495059360343324
1000000,1000000,60,0.01,0.0,303,0.07260510933237974,1,0.01113260614598266,0.06980184973500503
1000000,1000000,60,0.01,0.8,101,0.052248956786985046,0,0.006011725316787175,0.05208326056689061
1000000,1000000,60,0.01,0.8,202,0.07555111777571133,0,-0.00018629105134260193,0.05757117748098595
1000000,1000000,60,0.01,0.8,303,0.07266976160187266,1,0.012839867449521147,0.07662216934657096
1000000,1000000,60,0.05,0.0,101,0.052753063631578945,0,0.005376910303170224,0.15869053138046985
1000000,1000000,60,0.05,0.0,202,0.07508353537906087,0,0.009372670030829422,0.15040604134001834
1000000,1000000,60,0.05,0.0,303,0.072536659823629,1,0.01826997893386406,0.2415669349370475
1000000,1000000,60,0.05,0.8,101,0.051215947115643146,0,0.009588026349672818,0.22120534491766009
1000000,1000000,60,0.05,0.8,202,0.0749531963781368,0,0.00771985584468271,0.15636290715299772
1000000,1000000,60,0.05,0.8,303,0.07252448313606963,1,0.01960084437159626,0.33376912849014806
5000000,200000,20,0.01,0.0,101,0.059096605716386974,0,0.0015150122674180144,0.02138309535911964
5000000,200000,20,0.01,0.0,202,0.07419203982618638,0,0.0002481457882358429,0.01690390691132615
5000000,200000,20,0.01,0.0,303,0.06960356391153177,1,0.005205075455094077,0.03010650642184154
5000000,200000,20,0.01,0.8,101,0.05865131912388,0,0.0023233138057144886,0.005943727052668768
5000000,200000,20,0.01,0.8,202,0.07388066220482126,0,-0.0010763702663093566,0.025254836421646054
5000000,200000,20,0.01,0.8,303,0.0689641186968376,1,0.0072648337151359765,0.017890924594414326
5000000,200000,20,0.05,0.0,101,0.060052742258971725,0,0.0005260051222877316,-0.00039793955534173087
5000000,200000,20,0.05,0.0,202,0.0718605897132345,0,-0.0005758383185238136,-0.0004459564044976272
5000000,200000,20,0.05,0.0,303,0.06951268238909891,1,0.005913689940799771,-0.0003821962255667888
5000000,200000,20,0.05,0.8,101,0.055695808064677554,0,0.0025596399001963643,-0.0029252127912913206
5000000,200000,20,0.05,0.8,202,0.07317780938398821,0,-0.001978010685322551,-0.0005307781673515866
5000000,200000,20,0.05,0.8,303,0.06924914667495996,1,0.006057947823242427,-0.0035728555066385503
5000000,200000,60,0.01,0.0,101,0.06068412052525385,0,0.0013774691841452746,0.020481928904655167
5000000,200000,60,0.01,0.0,202,0.07302823459430141,0,0.00030437709821773407,0.011964443447227024
5000000,200000,60,0.01,0.0,303,0.07014935537344547,1,0.005456039951248659,0.02674990895974294
5000000,200000,60,0.01,0.8,101,0.05874778945096615,0,0.002562599019225731,0.017399112053778865
5000000,200000,60,0.01,0.8,202,0.07396055386228606,0,-0.0008664215509698314,0.02442520497174927
5000000,200000,60,0.01,0.8,303,0.06901835105049559,1,0.006575092624712342,0.019835941968765036
5000000,200000,60,0.05,0.0,101,0.05967977292656945,0,0.0004372575218243302,-0.00039551604821008723
5000000,200000,60,0.05,0.0,202,0.0720098841200073,0,-0.0003103100199611797,-0.0003882622549602477
5000000,200000,60,0.05,0.0,303,0.0699077279372361,1,0.0055875436709630355,-0.0003878134902361996
5000000,200000,60,0.05,0.8,101,0.05675951936728996,0,0.0026427965544700838,-0.00039371412396183025
5000000,200000,60,0.05,0.8,202,0.07242540567574218,0,-0.0012495290357639188,-0.00031553618905699743
5000000,200000,60,0.05,0.8,303,0.06874002441788185,1,0.006410697430789258,-0.0003927571787030182
5000000,1000000,20,0.01,0.0,101,0.051443487890402984,0,0.0037590290394485804,0.036884807084521576
5000000,1000000,20,0.01,0.0,202,0.0749885837703822,0,0.001394541338566757,0.051169108855800394
5000000,1000000,20,0.01,0.0,303,0.07114296021219157,1,0.009272442042090434,0.055401857303621904
5000000,1000000,20,0.01,0.8,101,0.05128641860459271,0,0.005554253892093741,0.05384261403342072
5000000,1000000,20,0.01,0.8,202,0.07450999282285153,0,-0.0012186846267684404,0.05180077908327485
5000000,1000000,20,0.01,0.8,303,0.0714555219458648,1,0.011526986514305726,0.07147076701945165
5000000,1000000,20,0.05,0.0,101,0.050785002353739395,0,0.0029018712201531738,0.09278233542678205
5000000,1000000,20,0.05,0.0,202,0.07229275177629169,0,0.005235534519661411,0.058067318848190386
5000000,1000000,20,0.05,0.0,303,0.07083821687038216,1,0.0148232233193335,0.15691796867976837
5000000,1000000,20,0.05,0.8,101,0.04868956993325446,0,0.008558368346835321,0.10302273729279854
5000000,1000000,20,0.05,0.8,202,0.06969315724275049,0,0.003690638856186923,0.08479561837902061
5000000,1000000,20,0.05,0.8,303,0.07121855566661195,1,0.015982784707782693,0.38079087728191974
5000000,1000000,60,0.01,0.0,101,0.05217233110857489,0,0.003208925587501632,0.03865723304693014
5000000,1000000,60,0.01,0.0,202,0.07452321139160423,0,0.0016686013588509407,0.04042478596897037
5000000,1000000,60,0.01,0.0,303,0.07122611100752085,1,0.009515103771450928,0.0642894281265809
5000000,1000000,60,0.01,0.8,101,0.050776439993167166,0,0.005004566274174227,0.04372868115825268
5000000,1000000,60,0.01,0.8,202,0.07444851135286923,0,-0.0009247699036224466,0.04714379296038751
5000000,1000000,60,0.01,0.8,303,0.07137181848868313,1,0.011070294322437668,0.07032283212856116
5000000,1000000,60,0.05,0.0,101,0.05131413577660782,0,0.0035882068565575853,0.08669187876597739
5000000,1000000,60,0.05,0.0,202,0.07211941784917986,0,0.005247361803986661,0.06761722747845056
5000000,1000000,60,0.05,0.0,303,0.07058857473803493,1,0.014438294108358507,0.18924258203442035
5000000,1000000,60,0.05,0.8,101,0.047849153918026466,0,0.008590561015336173,0.10201405151952869
5000000,1000000,60,0.05,0.8,202,0.07099221833203806,0,0.003614182478250405,0.0894670621435143
5000000,1000000,60,0.05,0.8,303,0.07072103541401564,1,0.015873361746697068,0.3277332818939813
