seed,shock,steps,agents,capital,adaptive_share,depth,trade_fraction,max_volume,impact,spread_bps,fee_bps,fundamental_vol,price_noise,fundamental_pull,shock_step,shock_size,shared_error,perturbation_sd,portfolio_noise_sd,adaptation_rate,adaptation_interval,gate_threshold,drawdown_aversion,crash_drawdown,initial_price,value_feedback,momentum_feedback,target_leverage,impact_function,mode,ai_net_return,max_price_drawdown,crash,return_volatility,turnover,mean_fill_fraction,max_bankrupt_agents,max_abs_cash_residual,max_abs_inventory_residual,mean_policy_agreement,mean_action_coverage,price_return
101,False,160,20,1000000,0.5,200000,0.01,0.25,0.03,4.0,1.0,0.002,0.0005,0.05,60,-0.08,0.0,0.2,0.1,0.02,5,0.15,3.0,0.1,100.0,1.0,15.0,1.0,tanh,synthetic_proxy,-6.68881213007344e-05,0.0117549067841487,0,0.0006530755244179463,1.0620485542936378,1.0,0,3.4924596548080444e-10,1.7053025658242404e-13,0.3908333333333333,0.47375,0.0157893337352073
101,True,160,20,1000000,0.5,200000,0.01,0.25,0.03,4.0,1.0,0.002,0.0005,0.05,60,-0.08,0.0,0.2,0.1,0.02,5,0.15,3.0,0.1,100.0,1.0,15.0,1.0,tanh,synthetic_proxy,0.003692140918147624,0.06319839467455168,0,0.00125213378833911,1.0989333613781596,1.0,0,2.3283064365386963e-10,6.821210263296962e-13,0.4298611111111111,0.5181250000000001,-0.06117040752201475
202,False,160,20,1000000,0.5,200000,0.01,0.25,0.03,4.0,1.0,0.002,0.0005,0.05,60,-0.08,0.0,0.2,0.1,0.02,5,0.15,3.0,0.1,100.0,1.0,15.0,1.0,tanh,synthetic_proxy,0.0002593033081452756,0.007403342836306281,0,0.0007161515543370063,1.0547893671190771,1.0,0,2.3283064365386963e-10,1.7053025658242404e-13,0.41541666666666666,0.449375,0.023489135898976832
202,True,160,20,1000000,0.5,200000,0.01,0.25,0.03,4.0,1.0,0.002,0.0005,0.05,60,-0.08,0.0,0.2,0.1,0.02,5,0.15,3.0,0.1,100.0,1.0,15.0,1.0,tanh,synthetic_proxy,0.0016538446467120327,0.08239192660668848,0,0.0013924182828870795,1.1059584759748775,1.0,0,3.4924596548080444e-10,4.547473508864641e-13,0.4523611111111111,0.5018750000000001,-0.05359510928822142
303,False,160,20,1000000,0.5,200000,0.01,0.25,0.03,4.0,1.0,0.002,0.0005,0.05,60,-0.08,0.0,0.2,0.1,0.02,5,0.15,3.0,0.1,100.0,1.0,15.0,1.0,tanh,synthetic_proxy,0.0018112476037082104,0.04423995361490429,0,0.0007292984881325578,1.0501791318368399,1.0,0,4.656612873077393e-10,2.2737367544323206e-13,0.40527777777777774,0.46624999999999994,-0.0376571441368988
303,True,160,20,1000000,0.5,200000,0.01,0.25,0.03,4.0,1.0,0.002,0.0005,0.05,60,-0.08,0.0,0.2,0.1,0.02,5,0.15,3.0,0.1,100.0,1.0,15.0,1.0,tanh,synthetic_proxy,0.011083689645798422,0.11538291382709587,1,0.0014313156612924404,1.1055809891404618,1.0,0,3.4924596548080444e-10,4.547473508864641e-13,0.45902777777777776,0.53125,-0.10976380138282604
101,False,160,20,1000000,0.5,200000,0.01,0.25,0.03,4.0,1.0,0.002,0.0005,0.05,60,-0.08,0.8,0.2,0.1,0.02,5,0.15,3.0,0.1,100.0,1.0,15.0,1.0,tanh,synthetic_proxy,-0.0006823681765314449,0.013681831291615598,0,0.0007580561972319748,1.0506547048441512,1.0,0,2.3283064365386963e-10,1.4210854715202004e-13,0.7129166666666666,0.458125,0.018288528769918377
101,True,160,20,1000000,0.5,200000,0.01,0.25,0.03,4.0,1.0,0.002,0.0005,0.05,60,-0.08,0.8,0.2,0.1,0.02,5,0.15,3.0,0.1,100.0,1.0,15.0,1.0,tanh,synthetic_proxy,0.004871885715562518,0.06496824989620831,0,0.0012784468951021228,1.1044973188775717,1.0,0,3.4924596548080444e-10,6.821210263296962e-13,0.7151388888888889,0.5193749999999999,-0.05876838693118802
202,False,160,20,1000000,0.5,200000,0.01,0.25,0.03,4.0,1.0,0.002,0.0005,0.05,60,-0.08,0.8,0.2,0.1,0.02,5,0.15,3.0,0.1,100.0,1.0,15.0,1.0,tanh,synthetic_proxy,0.00042150001693364025,0.009456878981042083,0,0.0007687047185195698,1.0411489197541948,1.0,0,3.4924596548080444e-10,5.684341886080801e-13,0.6854166666666667,0.43562500000000004,0.021642734126391838
202,True,160,20,1000000,0.5,200000,0.01,0.25,0.03,4.0,1.0,0.002,0.0005,0.05,60,-0.08,0.8,0.2,0.1,0.02,5,0.15,3.0,0.1,100.0,1.0,15.0,1.0,tanh,synthetic_proxy,-0.0007971846098348001,0.08396687180389362,0,0.0014455290929417987,1.0929496988374696,1.0,0,2.3283064365386963e-10,5.684341886080801e-13,0.7279166666666667,0.484375,-0.055091497938064116
303,False,160,20,1000000,0.5,200000,0.01,0.25,0.03,4.0,1.0,0.002,0.0005,0.05,60,-0.08,0.8,0.2,0.1,0.02,5,0.15,3.0,0.1,100.0,1.0,15.0,1.0,tanh,synthetic_proxy,0.0030178112463321582,0.04452759834280484,0,0.0008495142611151297,1.0144838714428388,1.0,0,3.4924596548080444e-10,4.547473508864641e-13,0.7206944444444445,0.42062499999999997,-0.036893310902306076
303,True,160,20,1000000,0.5,200000,0.01,0.25,0.03,4.0,1.0,0.002,0.0005,0.05,60,-0.08,0.8,0.2,0.1,0.02,5,0.15,3.0,0.1,100.0,1.0,15.0,1.0,tanh,synthetic_proxy,0.014544797760637662,0.11598312028866964,1,0.0014794359341634637,1.0859546384622902,1.0,0,3.4924596548080444e-10,1.3642420526593924e-12,0.7459722222222223,0.5025000000000001,-0.10956470725901457
101,False,160,20,1000000,0.5,200000,0.05,0.25,0.03,4.0,1.0,0.002,0.0005,0.05,60,-0.08,0.0,0.2,0.1,0.02,5,0.15,3.0,0.1,100.0,1.0,15.0,1.0,tanh,synthetic_proxy,0.00011322401166014018,0.013225545751497814,0,0.0013096799354978433,3.737792308432266,1.0,0,3.4924596548080444e-10,5.115907697472721e-13,0.38638888888888884,0.476875,0.015230118902983536
101,True,160,20,1000000,0.5,200000,0.05,0.25,0.03,4.0,1.0,0.002,0.0005,0.05,60,-0.08,0.0,0.2,0.1,0.02,5,0.15,3.0,0.1,100.0,1.0,15.0,1.0,tanh,synthetic_proxy,0.003015095231813314,0.06401054810523721,0,0.0020689315290123686,3.8305746438590473,1.0,0,3.4924596548080444e-10,6.821210263296962e-13,0.4226388888888889,0.523125,-0.06036093684407817
202,False,160,20,1000000,0.5,200000,0.05,0.25,0.03,4.0,1.0,0.002,0.0005,0.05,60,-0.08,0.0,0.2,0.1,0.02,5,0.15,3.0,0.1,100.0,1.0,15.0,1.0,tanh,synthetic_proxy,-0.0002737732029514106,0.010634460816423386,0,0.0015549919701616677,3.704713592195279,1.0,0,2.3283064365386963e-10,3.979039320256561e-13,0.41305555555555556,0.445625,0.02333925295228023
202,True,160,20,1000000,0.5,200000,0.05,0.25,0.03,4.0,1.0,0.002,0.0005,0.05,60,-0.08,0.0,0.2,0.1,0.02,5,0.15,3.0,0.1,100.0,1.0,15.0,1.0,tanh,synthetic_proxy,0.0049617613167101116,0.08292721259271507,0,0.0022660112812809704,3.7627809110434702,0.9999964521847392,0,4.656612873077393e-10,3.410605131648481e-13,0.4408333333333333,0.4931249999999999,-0.051323235431075864
303,False,160,20,1000000,0.5,200000,0.05,0.25,0.03,4.0,1.0,0.002,0.0005,0.05,60,-0.08,0.0,0.2,0.1,0.02,5,0.15,3.0,0.1,100.0,1.0,15.0,1.0,tanh,synthetic_proxy,0.0006335428004857757,0.045694788439460954,0,0.0014568108789010591,3.632211014065876,1.0,0,4.656612873077393e-10,4.547473508864641e-13,0.40499999999999997,0.46812499999999996,-0.0365895475513911
303,True,160,20,1000000,0.5,200000,0.05,0.25,0.03,4.0,1.0,0.002,0.0005,0.05,60,-0.08,0.0,0.2,0.1,0.02,5,0.15,3.0,0.1,100.0,1.0,15.0,1.0,tanh,synthetic_proxy,0.015456766119818832,0.11653300530984312,1,0.002222232798987938,3.789128982745644,0.9999918663982456,0,3.4924596548080444e-10,9.094947017729282e-13,0.45902777777777787,0.5375,-0.10787289146210055
101,False,160,20,1000000,0.5,200000,0.05,0.25,0.03,4.0,1.0,0.002,0.0005,0.05,60,-0.08,0.8,0.2,0.1,0.02,5,0.15,3.0,0.1,100.0,1.0,15.0,1.0,tanh,synthetic_proxy,-0.0015102848983089556,0.02154694572921012,0,0.0021834416681049866,3.7950862751620034,1.0,0,2.3283064365386963e-10,3.979039320256561e-13,0.7176388888888889,0.46312499999999995,0.024118928121766636
101,True,160,20,1000000,0.5,200000,0.05,0.25,0.03,4.0,1.0,0.002,0.0005,0.05,60,-0.08,0.8,0.2,0.1,0.02,5,0.15,3.0,0.1,100.0,1.0,15.0,1.0,tanh,synthetic_proxy,0.0070480834485264765,0.07023651566246458,0,0.0026484628051485636,3.898109012454803,0.9999969008591311,0,3.4924596548080444e-10,9.094947017729282e-13,0.72875,0.515,-0.05046849549408028
202,False,160,20,1000000,0.5,200000,0.05,0.25,0.03,4.0,1.0,0.002,0.0005,0.05,60,-0.08,0.8,0.2,0.1,0.02,5,0.15,3.0,0.1,100.0,1.0,15.0,1.0,tanh,synthetic_proxy,-0.0010139963533418728,0.017718324876115132,0,0.0021035180971860643,3.6569926221251663,1.0,0,3.4924596548080444e-10,7.958078640513122e-13,0.6780555555555556,0.434375,0.018830467758703673
202,True,160,20,1000000,0.5,200000,0.05,0.25,0.03,4.0,1.0,0.002,0.0005,0.05,60,-0.08,0.8,0.2,0.1,0.02,5,0.15,3.0,0.1,100.0,1.0,15.0,1.0,tanh,synthetic_proxy,0.002676642502844828,0.08741148211886562,0,0.0026002523310619634,3.7417882405041873,0.999995597029059,0,3.4924596548080444e-10,6.821210263296962e-13,0.7230555555555556,0.48250000000000004,-0.05415120342392299
303,False,160,20,1000000,0.5,200000,0.05,0.25,0.03,4.0,1.0,0.002,0.0005,0.05,60,-0.08,0.8,0.2,0.1,0.02,5,0.15,3.0,0.1,100.0,1.0,15.0,1.0,tanh,synthetic_proxy,0.0014145904115843155,0.045994710659181814,0,0.002248512101025948,3.459046528284824,1.0,0,3.4924596548080444e-10,4.547473508864641e-13,0.7172222222222222,0.42062499999999997,-0.03281426433294099
303,True,160,20,1000000,0.5,200000,0.05,0.25,0.03,4.0,1.0,0.002,0.0005,0.05,60,-0.08,0.8,0.2,0.1,0.02,5,0.15,3.0,0.1,100.0,1.0,15.0,1.0,tanh,synthetic_proxy,0.01739737511936701,0.11721326632579376,1,0.002883897567711297,3.8398374055667426,0.999986441550347,0,3.4924596548080444e-10,2.0463630789890885e-12,0.7394444444444443,0.524375,-0.10561443972848283
101,False,160,60,1000000,0.5,200000,0.01,0.25,0.03,4.0,1.0,0.002,0.0005,0.05,60,-0.08,0.0,0.2,0.1,0.02,5,0.15,3.0,0.1,100.0,1.0,15.0,1.0,tanh,synthetic_proxy,0.00017649283391740767,0.011606976688712467,0,0.0006429710076431067,1.0586810600709056,1.0,0,2.3283064365386963e-10,8.526512829121202e-14,0.39879310344827584,0.46229166666666666,0.015052725702894731
101,True,160,60,1000000,0.5,200000,0.01,0.25,0.03,4.0,1.0,0.002,0.0005,0.05,60,-0.08,0.0,0.2,0.1,0.02,5,0.15,3.0,0.1,100.0,1.0,15.0,1.0,tanh,synthetic_proxy,0.0033854184214188177,0.06377930779728735,0,0.0012436194577470875,1.0973382931178361,1.0,0,3.4924596548080444e-10,5.684341886080801e-13,0.4353735632183908,0.5085416666666667,-0.06148612184990232
202,False,160,60,1000000,0.5,200000,0.01,0.25,0.03,4.0,1.0,0.002,0.0005,0.05,60,-0.08,0.0,0.2,0.1,0.02,5,0.15,3.0,0.1,100.0,1.0,15.0,1.0,tanh,synthetic_proxy,0.00021092402740929828,0.007182917147645851,0,0.0006811351073993507,1.070611327471088,1.0,0,3.4924596548080444e-10,2.2737367544323206e-13,0.39540229885057476,0.47229166666666667,0.023573627999243563
202,True,160,60,1000000,0.5,200000,0.01,0.25,0.03,4.0,1.0,0.002,0.0005,0.05,60,-0.08,0.0,0.2,0.1,0.02,5,0.15,3.0,0.1,100.0,1.0,15.0,1.0,tanh,synthetic_proxy,0.001879525386260683,0.08170612853925008,0,0.0013842603831163939,1.1110361134400581,1.0,0,4.656612873077393e-10,5.684341886080801e-13,0.43281609195402293,0.524375,-0.05351067877824389
303,False,160,60,1000000,0.5,200000,0.01,0.25,0.03,4.0,1.0,0.002,0.0005,0.05,60,-0.08,0.0,0.2,0.1,0.02,5,0.15,3.0,0.1,100.0,1.0,15.0,1.0,tanh,synthetic_proxy,0.001769696781026342,0.044686300830511394,0,0.0006990421771178025,1.048383327111467,1.0,0,3.4924596548080444e-10,4.547473508864641e-13,0.41147988505747135,0.45562500000000006,-0.03760551915629562
303,True,160,60,1000000,0.5,200000,0.01,0.25,0.03,4.0,1.0,0.002,0.0005,0.05,60,-0.08,0.0,0.2,0.1,0.02,5,0.15,3.0,0.1,100.0,1.0,15.0,1.0,tanh,synthetic_proxy,0.01128480055247727,0.11591241183803225,1,0.0014123944445031962,1.112672755238048,1.0,0,4.656612873077393e-10,9.094947017729282e-13,0.46533045977011495,0.5272916666666667,-0.10996186784145323
101,False,160,60,1000000,0.5,200000,0.01,0.25,0.03,4.0,1.0,0.002,0.0005,0.05,60,-0.08,0.8,0.2,0.1,0.02,5,0.15,3.0,0.1,100.0,1.0,15.0,1.0,tanh,synthetic_proxy,-0.00045534442860561963,0.013800341771422975,0,0.0007730662413463386,1.0496338761629007,1.0,0,3.4924596548080444e-10,1.1368683772161603e-13,0.7089224137931034,0.44708333333333333,0.017906902206695552
101,True,160,60,1000000,0.5,200000,0.01,0.25,0.03,4.0,1.0,0.002,0.0005,0.05,60,-0.08,0.8,0.2,0.1,0.02,5,0.15,3.0,0.1,100.0,1.0,15.0,1.0,tanh,synthetic_proxy,0.00454922184556894,0.06457678176459014,0,0.0012842491188172426,1.0933625573211536,1.0,0,4.656612873077393e-10,6.821210263296962e-13,0.7197126436781609,0.5037499999999999,-0.05913320127835764
202,False,160,60,1000000,0.5,200000,0.01,0.25,0.03,4.0,1.0,0.002,0.0005,0.05,60,-0.08,0.8,0.2,0.1,0.02,5,0.15,3.0,0.1,100.0,1.0,15.0,1.0,tanh,synthetic_proxy,0.00044116623318091186,0.009028028504842411,0,0.0007568109641382446,1.0323551541912341,1.0,0,3.4924596548080444e-10,4.547473508864641e-13,0.6743390804597701,0.43,0.021621763783385095
202,True,160,60,1000000,0.5,200000,0.01,0.25,0.03,4.0,1.0,0.002,0.0005,0.05,60,-0.08,0.8,0.2,0.1,0.02,5,0.15,3.0,0.1,100.0,1.0,15.0,1.0,tanh,synthetic_proxy,-0.00048360367044097963,0.08347653985771164,0,0.0014437613036826116,1.0794989471516219,1.0,0,3.4924596548080444e-10,3.410605131648481e-13,0.711867816091954,0.4831250000000001,-0.05487049652382536
303,False,160,60,1000000,0.5,200000,0.01,0.25,0.03,4.0,1.0,0.002,0.0005,0.05,60,-0.08,0.8,0.2,0.1,0.02,5,0.15,3.0,0.1,100.0,1.0,15.0,1.0,tanh,synthetic_proxy,0.002815196679193832,0.045031804140377996,0,0.0008130932798912561,1.0278812423342363,1.0,0,3.4924596548080444e-10,3.410605131648481e-13,0.7113936781609196,0.43,-0.03698854984956601
303,True,160,60,1000000,0.5,200000,0.01,0.25,0.03,4.0,1.0,0.002,0.0005,0.05,60,-0.08,0.8,0.2,0.1,0.02,5,0.15,3.0,0.1,100.0,1.0,15.0,1.0,tanh,synthetic_proxy,0.0138854910016315,0.11640362262906112,1,0.0014607748015379762,1.0982040744627974,1.0,0,3.4924596548080444e-10,1.1368683772161603e-12,0.7459626436781609,0.5035416666666668,-0.1097862911771671
101,False,160,60,1000000,0.5,200000,0.05,0.25,0.03,4.0,1.0,0.002,0.0005,0.05,60,-0.08,0.0,0.2,0.1,0.02,5,0.15,3.0,0.1,100.0,1.0,15.0,1.0,tanh,synthetic_proxy,0.00024385216999278647,0.013357835931986473,0,0.0010969982381148866,3.721376857453862,1.0,0,3.4924596548080444e-10,2.2737367544323206e-13,0.39715517241379317,0.465,0.01502673038271718
101,True,160,60,1000000,0.5,200000,0.05,0.25,0.03,4.0,1.0,0.002,0.0005,0.05,60,-0.08,0.0,0.2,0.1,0.02,5,0.15,3.0,0.1,100.0,1.0,15.0,1.0,tanh,synthetic_proxy,0.003832059026550594,0.06467197170859429,0,0.0019237604598652982,3.8080687362198384,1.0,0,4.656612873077393e-10,4.547473508864641e-13,0.4273994252873563,0.51125,-0.060147221343758606
202,False,160,60,1000000,0.5,200000,0.05,0.25,0.03,4.0,1.0,0.002,0.0005,0.05,60,-0.08,0.0,0.2,0.1,0.02,5,0.15,3.0,0.1,100.0,1.0,15.0,1.0,tanh,synthetic_proxy,-9.973008077979184e-05,0.010182317506813643,0,0.0010997813794654469,3.7577539834533042,1.0,0,3.4924596548080444e-10,1.7053025658242404e-13,0.3961350574712644,0.4697916666666667,0.023919809156198957
202,True,160,60,1000000,0.5,200000,0.05,0.25,0.03,4.0,1.0,0.002,0.0005,0.05,60,-0.08,0.0,0.2,0.1,0.02,5,0.15,3.0,0.1,100.0,1.0,15.0,1.0,tanh,synthetic_proxy,0.005147631723206647,0.0823017353559935,0,0.0019872264164055957,3.8253712109317557,0.9999990021742378,0,4.656612873077393e-10,4.547473508864641e-13,0.4272413793103448,0.514375,-0.051345607622923284
303,False,160,60,1000000,0.5,200000,0.05,0.25,0.03,4.0,1.0,0.002,0.0005,0.05,60,-0.08,0.0,0.2,0.1,0.02,5,0.15,3.0,0.1,100.0,1.0,15.0,1.0,tanh,synthetic_proxy,0.0008211664149380127,0.04633762630990035,0,0.0011813526011999129,3.6129981347082607,1.0,0,2.3283064365386963e-10,3.410605131648481e-13,0.41130747126436784,0.456875,-0.03454454542447294
303,True,160,60,1000000,0.5,200000,0.05,0.25,0.03,4.0,1.0,0.002,0.0005,0.05,60,-0.08,0.0,0.2,0.1,0.02,5,0.15,3.0,0.1,100.0,1.0,15.0,1.0,tanh,synthetic_proxy,0.015259460523295854,0.11692620104793527,1,0.0020446892761040608,3.8022407167426806,0.9999784482124149,0,5.820766091346741e-10,1.1368683772161603e-12,0.4634626436781609,0.5295833333333333,-0.10688301505383135
101,False,160,60,1000000,0.5,200000,0.05,0.25,0.03,4.0,1.0,0.002,0.0005,0.05,60,-0.08,0.8,0.2,0.1,0.02,5,0.15,3.0,0.1,100.0,1.0,15.0,1.0,tanh,synthetic_proxy,-0.001496790841438389,0.022501254283473604,0,0.002285769647655041,3.81906612336087,1.0,0,4.656612873077393e-10,9.094947017729282e-13,0.7045545977011495,0.46416666666666667,0.023360170516954604
101,True,160,60,1000000,0.5,200000,0.05,0.25,0.03,4.0,1.0,0.002,0.0005,0.05,60,-0.08,0.8,0.2,0.1,0.02,5,0.15,3.0,0.1,100.0,1.0,15.0,1.0,tanh,synthetic_proxy,0.007093770173897784,0.07035040820150007,0,0.002743542822815723,3.9210801748803985,0.9999888142296192,0,4.656612873077393e-10,9.094947017729282e-13,0.7175,0.5114583333333333,-0.05082564191176775
202,False,160,60,1000000,0.5,200000,0.05,0.25,0.03,4.0,1.0,0.002,0.0005,0.05,60,-0.08,0.8,0.2,0.1,0.02,5,0.15,3.0,0.1,100.0,1.0,15.0,1.0,tanh,synthetic_proxy,-0.0005705818831418519,0.015997477256720183,0,0.0019642019365019338,3.5695752735914863,1.0,0,3.4924596548080444e-10,5.115907697472721e-13,0.6718390804597701,0.43062500000000004,0.018612103155548176
202,True,160,60,1000000,0.5,200000,0.05,0.25,0.03,4.0,1.0,0.002,0.0005,0.05,60,-0.08,0.8,0.2,0.1,0.02,5,0.15,3.0,0.1,100.0,1.0,15.0,1.0,tanh,synthetic_proxy,0.003043600595107998,0.08698969558875824,0,0.002522886036608086,3.6590423357350006,0.9999953243135936,0,4.656612873077393e-10,3.410605131648481e-13,0.7156465517241379,0.47562499999999996,-0.05511816103543299
303,False,160,60,1000000,0.5,200000,0.05,0.25,0.03,4.0,1.0,0.002,0.0005,0.05,60,-0.08,0.8,0.2,0.1,0.02,5,0.15,3.0,0.1,100.0,1.0,15.0,1.0,tanh,synthetic_proxy,0.0013251358778099132,0.04726848835029773,0,0.0021187095159915298,3.5563385629385467,1.0,0,4.656612873077393e-10,6.821210263296962e-13,0.7073994252873563,0.4264583333333333,-0.030670686470385622
303,True,160,60,1000000,0.5,200000,0.05,0.25,0.03,4.0,1.0,0.002,0.0005,0.05,60,-0.08,0.8,0.2,0.1,0.02,5,0.15,3.0,0.1,100.0,1.0,15.0,1.0,tanh,synthetic_proxy,0.01719849762450676,0.11798952376431338,1,0.0027572479973718643,3.8840718448325284,0.9999701614286428,0,4.656612873077393e-10,1.3642420526593924e-12,0.7398850574712643,0.515,-0.1042261421515086
101,False,160,20,1000000,0.5,1000000,0.01,0.25,0.03,4.0,1.0,0.002,0.0005,0.05,60,-0.08,0.0,0.2,0.1,0.02,5,0.15,3.0,0.1,100.0,1.0,15.0,1.0,tanh,synthetic_proxy,0.00011456737702197906,0.01113000420239929,0,0.0005592940535173576,1.0595764772058456,1.0,0,3.4924596548080444e-10,1.4210854715202004e-13,0.39166666666666666,0.4731249999999999,0.015469914841667265
101,True,160,20,1000000,0.5,1000000,0.01,0.25,0.03,4.0,1.0,0.002,0.0005,0.05,60,-0.08,0.0,0.2,0.1,0.02,5,0.15,3.0,0.1,100.0,1.0,15.0,1.0,tanh,synthetic_proxy,0.004764416961341222,0.06352352267128047,0,0.001019994989362817,1.105805718459288,1.0,0,3.4924596548080444e-10,6.821210263296962e-13,0.44125,0.5225,-0.06194548516448739
202,False,160,20,1000000,0.5,1000000,0.01,0.25,0.03,4.0,1.0,0.002,0.0005,0.05,60,-0.08,0.0,0.2,0.1,0.02,5,0.15,3.0,0.1,100.0,1.0,15.0,1.0,tanh,synthetic_proxy,0.0005487724366313174,0.005810090907032994,0,0.000588227495998769,1.0515266072774136,1.0,0,3.4924596548080444e-10,3.410605131648481e-13,0.41527777777777775,0.449375,0.02358314632490588
202,True,160,20,1000000,0.5,1000000,0.01,0.25,0.03,4.0,1.0,0.002,0.0005,0.05,60,-0.08,0.0,0.2,0.1,0.02,5,0.15,3.0,0.1,100.0,1.0,15.0,1.0,tanh,synthetic_proxy,0.0024964580729804897,0.0813984669072697,0,0.00118910534198142,1.1136192718436617,1.0,0,4.656612873077393e-10,6.821210263296962e-13,0.4593055555555556,0.5137499999999999,-0.05432270356160973
303,False,160,20,1000000,0.5,1000000,0.01,0.25,0.03,4.0,1.0,0.002,0.0005,0.05,60,-0.08,0.0,0.2,0.1,0.02,5,0.15,3.0,0.1,100.0,1.0,15.0,1.0,tanh,synthetic_proxy,0.0024377009227702917,0.04442869949328487,0,0.000597244294646301,1.0524820854988004,1.0,0,3.4924596548080444e-10,3.979039320256561e-13,0.4115277777777777,0.4725,-0.03873652153641527
303,True,160,20,1000000,0.5,1000000,0.01,0.25,0.03,4.0,1.0,0.002,0.0005,0.05,60,-0.08,0.0,0.2,0.1,0.02,5,0.15,3.0,0.1,100.0,1.0,15.0,1.0,tanh,synthetic_proxy,0.013526016179179257,0.11700166044040206,1,0.0012279707734017035,1.1179577952305293,1.0,0,4.656612873077393e-10,9.094947017729282e-13,0.47541666666666665,0.5362500000000001,-0.11194733585074057
101,False,160,20,1000000,0.5,1000000,0.01,0.25,0.03,4.0,1.0,0.002,0.0005,0.05,60,-0.08,0.8,0.2,0.1,0.02,5,0.15,3.0,0.1,100.0,1.0,15.0,1.0,tanh,synthetic_proxy,-0.0007602875603228698,0.011496504529583507,0,0.0005660119719048863,1.0496495098558332,1.0,0,3.4924596548080444e-10,1.4210854715202004e-13,0.711111111111111,0.456875,0.01603552426134036
101,True,160,20,1000000,0.5,1000000,0.01,0.25,0.03,4.0,1.0,0.002,0.0005,0.05,60,-0.08,0.8,0.2,0.1,0.02,5,0.15,3.0,0.1,100.0,1.0,15.0,1.0,tanh,synthetic_proxy,0.006105151364826922,0.06380283050829416,0,0.0010143381772612808,1.1150980504142542,1.0,0,3.4924596548080444e-10,4.547473508864641e-13,0.7152777777777779,0.5325,-0.06145497521964538
202,False,160,20,1000000,0.5,1000000,0.01,0.25,0.03,4.0,1.0,0.002,0.0005,0.05,60,-0.08,0.8,0.2,0.1,0.02,5,0.15,3.0,0.1,100.0,1.0,15.0,1.0,tanh,synthetic_proxy,0.0009770305865335338,0.006235021457593359,0,0.000588303933423771,1.0476259565958952,1.0,0,2.3283064365386963e-10,2.2737367544323206e-13,0.685138888888889,0.445,0.02315423173704323
202,True,160,20,1000000,0.5,1000000,0.01,0.25,0.03,4.0,1.0,0.002,0.0005,0.05,60,-0.08,0.8,0.2,0.1,0.02,5,0.15,3.0,0.1,100.0,1.0,15.0,1.0,tanh,synthetic_proxy,0.0004524929621094742,0.08178653223945109,0,0.0011937307141746325,1.11164495892715,1.0,0,3.4924596548080444e-10,3.410605131648481e-13,0.7298611111111111,0.505,-0.05462233845512443
303,False,160,20,1000000,0.5,1000000,0.01,0.25,0.03,4.0,1.0,0.002,0.0005,0.05,60,-0.08,0.8,0.2,0.1,0.02,5,0.15,3.0,0.1,100.0,1.0,15.0,1.0,tanh,synthetic_proxy,0.003926402449378141,0.04436459417213234,0,0.0006081742411735222,1.0184864387996095,1.0,0,3.4924596548080444e-10,4.547473508864641e-13,0.7231944444444445,0.428125,-0.03861629105197917
303,True,160,20,1000000,0.5,1000000,0.01,0.25,0.03,4.0,1.0,0.002,0.0005,0.05,60,-0.08,0.8,0.2,0.1,0.02,5,0.15,3.0,0.1,100.0,1.0,15.0,1.0,tanh,synthetic_proxy,0.01727008324612611,0.11703638429093866,1,0.0012290302287642225,1.0978338935814989,1.0,0,4.656612873077393e-10,9.094947017729282e-13,0.758888888888889,0.514375,-0.11192467686346386
101,False,160,20,1000000,0.5,1000000,0.05,0.25,0.03,4.0,1.0,0.002,0.0005,0.05,60,-0.08,0.0,0.2,0.1,0.02,5,0.15,3.0,0.1,100.0,1.0,15.0,1.0,tanh,synthetic_proxy,0.0012108599418290122,0.010893526542645415,0,0.0005959196125321002,3.708253226784888,1.0,0,2.3283064365386963e-10,6.821210263296962e-13,0.3869444444444444,0.476875,0.015082095078396085
101,True,160,20,1000000,0.5,1000000,0.05,0.25,0.03,4.0,1.0,0.002,0.0005,0.05,60,-0.08,0.0,0.2,0.1,0.02,5,0.15,3.0,0.1,100.0,1.0,15.0,1.0,tanh,synthetic_proxy,0.0059769141592507236,0.06329348133156354,0,0.0011141921003575176,3.8373825652439755,1.0,0,3.4924596548080444e-10,4.547473508864641e-13,0.4379166666666666,0.52375,-0.0617878647330099
202,False,160,20,1000000,0.5,1000000,0.05,0.25,0.03,4.0,1.0,0.002,0.0005,0.05,60,-0.08,0.0,0.2,0.1,0.02,5,0.15,3.0,0.1,100.0,1.0,15.0,1.0,tanh,synthetic_proxy,0.0008960717534345353,0.006116647308900269,0,0.0006669837230077664,3.677657683680475,1.0,0,3.4924596548080444e-10,5.115907697472721e-13,0.41694444444444445,0.4487500000000001,0.023483230181556625
202,True,160,20,1000000,0.5,1000000,0.05,0.25,0.03,4.0,1.0,0.002,0.0005,0.05,60,-0.08,0.0,0.2,0.1,0.02,5,0.15,3.0,0.1,100.0,1.0,15.0,1.0,tanh,synthetic_proxy,0.01006977923444885,0.08111812630240767,0,0.0012701765480503217,3.8013371010769617,1.0,0,3.4924596548080444e-10,6.821210263296962e-13,0.45888888888888885,0.509375,-0.05386701608338551
303,False,160,20,1000000,0.5,1000000,0.05,0.25,0.03,4.0,1.0,0.002,0.0005,0.05,60,-0.08,0.0,0.2,0.1,0.02,5,0.15,3.0,0.1,100.0,1.0,15.0,1.0,tanh,synthetic_proxy,0.0018601060701719518,0.04424080382425477,0,0.0006717487446515495,3.606212900414537,1.0,0,3.4924596548080444e-10,9.094947017729282e-13,0.41083333333333333,0.47125000000000006,-0.038413296276777364
303,True,160,20,1000000,0.5,1000000,0.05,0.25,0.03,4.0,1.0,0.002,0.0005,0.05,60,-0.08,0.0,0.2,0.1,0.02,5,0.15,3.0,0.1,100.0,1.0,15.0,1.0,tanh,synthetic_proxy,0.02007867265937402,0.11676465518458612,1,0.001304773816409531,3.792173030244618,1.0,0,3.4924596548080444e-10,6.821210263296962e-13,0.47486111111111107,0.5387500000000001,-0.11158571394587913
101,False,160,20,1000000,0.5,1000000,0.05,0.25,0.03,4.0,1.0,0.002,0.0005,0.05,60,-0.08,0.8,0.2,0.1,0.02,5,0.15,3.0,0.1,100.0,1.0,15.0,1.0,tanh,synthetic_proxy,0.0003753450109655887,0.013277155139813202,0,0.0006930869205463836,3.6943781191653544,1.0,0,3.4924596548080444e-10,4.547473508864641e-13,0.7138888888888889,0.45625,0.017386290691381978
101,True,160,20,1000000,0.5,1000000,0.05,0.25,0.03,4.0,1.0,0.002,0.0005,0.05,60,-0.08,0.8,0.2,0.1,0.02,5,0.15,3.0,0.1,100.0,1.0,15.0,1.0,tanh,synthetic_proxy,0.010281778088085947,0.06452430123832764,0,0.001138676800885995,3.9213397860691215,1.0,0,3.4924596548080444e-10,6.821210263296962e-13,0.71625,0.529375,-0.05966939356414802
202,False,160,20,1000000,0.5,1000000,0.05,0.25,0.03,4.0,1.0,0.002,0.0005,0.05,60,-0.08,0.8,0.2,0.1,0.02,5,0.15,3.0,0.1,100.0,1.0,15.0,1.0,tanh,synthetic_proxy,0.0008600519130557149,0.007401464497843624,0,0.0007110266076824186,3.604456854678529,1.0,0,2.3283064365386963e-10,7.958078640513122e-13,0.6841666666666667,0.4425,0.02252408665185901
202,True,160,20,1000000,0.5,1000000,0.05,0.25,0.03,4.0,1.0,0.002,0.0005,0.05,60,-0.08,0.8,0.2,0.1,0.02,5,0.15,3.0,0.1,100.0,1.0,15.0,1.0,tanh,synthetic_proxy,0.008401828131702427,0.08206453352520637,0,0.001305505221938093,3.767425240124061,1.0,0,3.4924596548080444e-10,6.821210263296962e-13,0.7269444444444445,0.503125,-0.05463968629473326
303,False,160,20,1000000,0.5,1000000,0.05,0.25,0.03,4.0,1.0,0.002,0.0005,0.05,60,-0.08,0.8,0.2,0.1,0.02,5,0.15,3.0,0.1,100.0,1.0,15.0,1.0,tanh,synthetic_proxy,0.0037120706288853444,0.04373593348096949,0,0.0007607421010708103,3.4614229102599983,1.0,0,3.4924596548080444e-10,6.821210263296962e-13,0.7259722222222222,0.428125,-0.0374634018676514
303,True,160,20,1000000,0.5,1000000,0.05,0.25,0.03,4.0,1.0,0.002,0.0005,0.05,60,-0.08,0.8,0.2,0.1,0.02,5,0.15,3.0,0.1,100.0,1.0,15.0,1.0,tanh,synthetic_proxy,0.02333298827676966,0.11623016665608155,1,0.0013553883345849217,3.812635270524461,1.0,0,4.656612873077393e-10,1.1368683772161603e-12,0.7623611111111112,0.51875,-0.11097956597963132
101,False,160,60,1000000,0.5,1000000,0.01,0.25,0.03,4.0,1.0,0.002,0.0005,0.05,60,-0.08,0.0,0.2,0.1,0.02,5,0.15,3.0,0.1,100.0,1.0,15.0,1.0,tanh,synthetic_proxy,0.0004139815937334035,0.011116908095544109,0,0.0005632683878486831,1.0611446470494856,1.0,0,2.3283064365386963e-10,1.1368683772161603e-13,0.39850574712643677,0.465,0.015295697888917603
101,True,160,60,1000000,0.5,1000000,0.01,0.25,0.03,4.0,1.0,0.002,0.0005,0.05,60,-0.08,0.0,0.2,0.1,0.02,5,0.15,3.0,0.1,100.0,1.0,15.0,1.0,tanh,synthetic_proxy,0.0043492170404326735,0.06369300314029891,0,0.0010199559449011277,1.1025757816207484,1.0,0,3.4924596548080444e-10,4.547473508864641e-13,0.44239942528735626,0.5179166666666667,-0.06203111886740331
202,False,160,60,1000000,0.5,1000000,0.01,0.25,0.03,4.0,1.0,0.002,0.0005,0.05,60,-0.08,0.0,0.2,0.1,0.02,5,0.15,3.0,0.1,100.0,1.0,15.0,1.0,tanh,synthetic_proxy,0.00046803813466955724,0.00580641838884266,0,0.000587932671521157,1.0683636934943466,1.0,0,2.3283064365386963e-10,3.410605131648481e-13,0.39814655172413793,0.47145833333333337,0.023591117778787307
202,True,160,60,1000000,0.5,1000000,0.01,0.25,0.03,4.0,1.0,0.002,0.0005,0.05,60,-0.08,0.0,0.2,0.1,0.02,5,0.15,3.0,0.1,100.0,1.0,15.0,1.0,tanh,synthetic_proxy,0.002681313727458834,0.08134866688131703,0,0.0011912543739846953,1.117869629528679,1.0,0,3.4924596548080444e-10,4.547473508864641e-13,0.4474568965517241,0.5310416666666666,-0.054317215856660495
303,False,160,60,1000000,0.5,1000000,0.01,0.25,0.03,4.0,1.0,0.002,0.0005,0.05,60,-0.08,0.0,0.2,0.1,0.02,5,0.15,3.0,0.1,100.0,1.0,15.0,1.0,tanh,synthetic_proxy,0.002402069904328341,0.04446808259150292,0,0.0005953560070310407,1.0538457201867597,1.0,0,3.4924596548080444e-10,3.410605131648481e-13,0.4131465517241379,0.4618749999999999,-0.038756744396566956
303,True,160,60,1000000,0.5,1000000,0.01,0.25,0.03,4.0,1.0,0.002,0.0005,0.05,60,-0.08,0.0,0.2,0.1,0.02,5,0.15,3.0,0.1,100.0,1.0,15.0,1.0,tanh,synthetic_proxy,0.013534676050311,0.11707319192388266,1,0.0012257274111655782,1.1236475699217647,1.0,0,4.656612873077393e-10,6.821210263296962e-13,0.4764942528735633,0.5366666666666667,-0.11198286913184674
101,False,160,60,1000000,0.5,1000000,0.01,0.25,0.03,4.0,1.0,0.002,0.0005,0.05,60,-0.08,0.8,0.2,0.1,0.02,5,0.15,3.0,0.1,100.0,1.0,15.0,1.0,tanh,synthetic_proxy,-0.00039256423013223074,0.011546809434946237,0,0.0005716143127829975,1.0517056257178574,1.0,0,3.4924596548080444e-10,1.4210854715202004e-13,0.7134339080459771,0.44854166666666667,0.015944291045147496
101,True,160,60,1000000,0.5,1000000,0.01,0.25,0.03,4.0,1.0,0.002,0.0005,0.05,60,-0.08,0.8,0.2,0.1,0.02,5,0.15,3.0,0.1,100.0,1.0,15.0,1.0,tanh,synthetic_proxy,0.005619161086654945,0.06379576622193128,0,0.001017068545769769,1.103788886284748,1.0,0,3.4924596548080444e-10,6.821210263296962e-13,0.7133045977011495,0.51625,-0.06151569032643733
202,False,160,60,1000000,0.5,1000000,0.01,0.25,0.03,4.0,1.0,0.002,0.0005,0.05,60,-0.08,0.8,0.2,0.1,0.02,5,0.15,3.0,0.1,100.0,1.0,15.0,1.0,tanh,synthetic_proxy,0.000934014647021808,0.006139844180038545,0,0.0005889166907126397,1.0387885591167567,1.0,0,3.4924596548080444e-10,8.526512829121202e-13,0.6731465517241378,0.4375,0.023158308899566382
202,True,160,60,1000000,0.5,1000000,0.01,0.25,0.03,4.0,1.0,0.002,0.0005,0.05,60,-0.08,0.8,0.2,0.1,0.02,5,0.15,3.0,0.1,100.0,1.0,15.0,1.0,tanh,synthetic_proxy,0.0007477235956792061,0.08169096195574987,0,0.0011952726243296095,1.0963597365977427,1.0,0,3.4924596548080444e-10,9.094947017729282e-13,0.7173994252873563,0.49874999999999997,-0.05458870482597267
303,False,160,60,1000000,0.5,1000000,0.01,0.25,0.03,4.0,1.0,0.002,0.0005,0.05,60,-0.08,0.8,0.2,0.1,0.02,5,0.15,3.0,0.1,100.0,1.0,15.0,1.0,tanh,synthetic_proxy,0.0036932747496543072,0.044461212677222695,0,0.000604802714458385,1.033677588687548,1.0,0,4.656612873077393e-10,7.958078640513122e-13,0.7145689655172414,0.4354166666666667,-0.038677342968369
303,True,160,60,1000000,0.5,1000000,0.01,0.25,0.03,4.0,1.0,0.002,0.0005,0.05,60,-0.08,0.8,0.2,0.1,0.02,5,0.15,3.0,0.1,100.0,1.0,15.0,1.0,tanh,synthetic_proxy,0.016533142199175455,0.11713097427909536,1,0.0012275988458454955,1.110299758034119,1.0,0,5.820766091346741e-10,9.094947017729282e-13,0.7554454022988506,0.5170833333333333,-0.1119623924312022
101,False,160,60,1000000,0.5,1000000,0.05,0.25,0.03,4.0,1.0,0.002,0.0005,0.05,60,-0.08,0.0,0.2,0.1,0.02,5,0.15,3.0,0.1,100.0,1.0,15.0,1.0,tanh,synthetic_proxy,0.001204404831224526,0.011046419491513415,0,0.0005952530553897339,3.7029013611529322,1.0,0,3.4924596548080444e-10,5.684341886080801e-13,0.3970402298850575,0.4658333333333333,0.015226878345919959
101,True,160,60,1000000,0.5,1000000,0.05,0.25,0.03,4.0,1.0,0.002,0.0005,0.05,60,-0.08,0.0,0.2,0.1,0.02,5,0.15,3.0,0.1,100.0,1.0,15.0,1.0,tanh,synthetic_proxy,0.00658131513439475,0.06379948312309236,0,0.0011040181404849833,3.861591892533402,1.0,0,3.4924596548080444e-10,7.958078640513122e-13,0.44212643678160923,0.5185416666666667,-0.06167572066988403
202,False,160,60,1000000,0.5,1000000,0.05,0.25,0.03,4.0,1.0,0.002,0.0005,0.05,60,-0.08,0.0,0.2,0.1,0.02,5,0.15,3.0,0.1,100.0,1.0,15.0,1.0,tanh,synthetic_proxy,0.0008278674518087392,0.006053060733404614,0,0.0006200644645438043,3.72298398995725,1.0,0,2.3283064365386963e-10,4.547473508864641e-13,0.39915229885057474,0.4685416666666667,0.023554237332437777
202,True,160,60,1000000,0.5,1000000,0.05,0.25,0.03,4.0,1.0,0.002,0.0005,0.05,60,-0.08,0.0,0.2,0.1,0.02,5,0.15,3.0,0.1,100.0,1.0,15.0,1.0,tanh,synthetic_proxy,0.010200537482638161,0.08113659611246549,0,0.0012471604834583113,3.8733900312972684,1.0,0,3.4924596548080444e-10,1.5916157281026244e-12,0.44477011494252877,0.5283333333333333,-0.0539162995058271
303,False,160,60,1000000,0.5,1000000,0.05,0.25,0.03,4.0,1.0,0.002,0.0005,0.05,60,-0.08,0.0,0.2,0.1,0.02,5,0.15,3.0,0.1,100.0,1.0,15.0,1.0,tanh,synthetic_proxy,0.0019118857344873064,0.04438490651497862,0,0.0006433764849122317,3.607181757572583,1.0,0,4.656612873077393e-10,4.547473508864641e-13,0.4131178160919539,0.46104166666666657,-0.038019435350210684
303,True,160,60,1000000,0.5,1000000,0.05,0.25,0.03,4.0,1.0,0.002,0.0005,0.05,60,-0.08,0.0,0.2,0.1,0.02,5,0.15,3.0,0.1,100.0,1.0,15.0,1.0,tanh,synthetic_proxy,0.020181864668351368,0.11692156633860762,1,0.0012880855665203278,3.8487486925096306,1.0,0,6.984919309616089e-10,9.094947017729282e-13,0.4782471264367816,0.5387500000000001,-0.11124195467553488
101,False,160,60,1000000,0.5,1000000,0.05,0.25,0.03,4.0,1.0,0.002,0.0005,0.05,60,-0.08,0.8,0.2,0.1,0.02,5,0.15,3.0,0.1,100.0,1.0,15.0,1.0,tanh,synthetic_proxy,0.00044742085955506994,0.01347153226040776,0,0.0007176658859704117,3.6965212979722764,1.0,0,2.3283064365386963e-10,4.547473508864641e-13,0.7118390804597701,0.44625000000000004,0.017237624540670682
101,True,160,60,1000000,0.5,1000000,0.05,0.25,0.03,4.0,1.0,0.002,0.0005,0.05,60,-0.08,0.8,0.2,0.1,0.02,5,0.15,3.0,0.1,100.0,1.0,15.0,1.0,tanh,synthetic_proxy,0.010035447209227888,0.0646874793760509,0,0.001149627715205173,3.9177266428899364,1.0,0,4.656612873077393e-10,9.094947017729282e-13,0.7155603448275862,0.515625,-0.059592687288193225
202,False,160,60,1000000,0.5,1000000,0.05,0.25,0.03,4.0,1.0,0.002,0.0005,0.05,60,-0.08,0.8,0.2,0.1,0.02,5,0.15,3.0,0.1,100.0,1.0,15.0,1.0,tanh,synthetic_proxy,0.0013009687199778686,0.006962680796768317,0,0.0006893362764628418,3.5502817536663516,1.0,0,2.3283064365386963e-10,4.547473508864641e-13,0.6705172413793103,0.434375,0.022543491923010306
202,True,160,60,1000000,0.5,1000000,0.05,0.25,0.03,4.0,1.0,0.002,0.0005,0.05,60,-0.08,0.8,0.2,0.1,0.02,5,0.15,3.0,0.1,100.0,1.0,15.0,1.0,tanh,synthetic_proxy,0.009020824564660579,0.08191587717490512,0,0.0012943550814180208,3.7066446608193493,1.0,0,4.656612873077393e-10,5.684341886080801e-13,0.7162356321839081,0.496875,-0.054742624155980635
303,False,160,60,1000000,0.5,1000000,0.05,0.25,0.03,4.0,1.0,0.002,0.0005,0.05,60,-0.08,0.8,0.2,0.1,0.02,5,0.15,3.0,0.1,100.0,1.0,15.0,1.0,tanh,synthetic_proxy,0.0037458877850251593,0.04425039420812571,0,0.0007428605056485932,3.5497513624445816,1.0,0,4.656612873077393e-10,4.547473508864641e-13,0.7110632183908046,0.4341666666666667,-0.03732007696172557
303,True,160,60,1000000,0.5,1000000,0.05,0.25,0.03,4.0,1.0,0.002,0.0005,0.05,60,-0.08,0.8,0.2,0.1,0.02,5,0.15,3.0,0.1,100.0,1.0,15.0,1.0,tanh,synthetic_proxy,0.02334673215662142,0.11677487734419534,1,0.0013457835757832435,3.8835204909347296,1.0,0,4.656612873077393e-10,9.094947017729282e-13,0.7554022988505746,0.5191666666666667,-0.11073325560824332
101,False,160,20,5000000,0.5,200000,0.01,0.25,0.03,4.0,1.0,0.002,0.0005,0.05,60,-0.08,0.0,0.2,0.1,0.02,5,0.15,3.0,0.1,100.0,1.0,15.0,1.0,tanh,synthetic_proxy,-0.00026909992634538416,0.01585113030466656,0,0.0017647523688633985,1.0619597755397394,1.0,0,1.862645149230957e-09,2.8421709430404007e-13,0.3884722222222222,0.473125,0.016757035011030208
101,True,160,20,5000000,0.5,200000,0.01,0.25,0.03,4.0,1.0,0.002,0.0005,0.05,60,-0.08,0.0,0.2,0.1,0.02,5,0.15,3.0,0.1,100.0,1.0,15.0,1.0,tanh,synthetic_proxy,0.0012459123410726303,0.07494773602105353,0,0.0025777456681132832,1.083342870898859,0.9999894364830173,0,1.862645149230957e-09,4.092726157978177e-12,0.4094444444444445,0.49812500000000004,-0.06125883896010764
202,False,160,20,5000000,0.5,200000,0.01,0.25,0.03,4.0,1.0,0.002,0.0005,0.05,60,-0.08,0.0,0.2,0.1,0.02,5,0.15,3.0,0.1,100.0,1.0,15.0,1.0,tanh,synthetic_proxy,-0.00015032127854597288,0.014064586969960269,0,0.0018884223839908604,1.0488894464371674,1.0,0,1.862645149230957e-09,7.958078640513122e-13,0.41305555555555556,0.4443750000000001,0.02520446240987062
202,True,160,20,5000000,0.5,200000,0.01,0.25,0.03,4.0,1.0,0.002,0.0005,0.05,60,-0.08,0.0,0.2,0.1,0.02,5,0.15,3.0,0.1,100.0,1.0,15.0,1.0,tanh,synthetic_proxy,9.782450968987e-05,0.08825662679614665,0,0.0026636069465075882,1.0657933533484936,0.9999993402392165,0,1.862645149230957e-09,1.8189894035458565e-12,0.4395833333333333,0.46687500000000004,-0.0518203900263674
303,False,160,20,5000000,0.5,200000,0.01,0.25,0.03,4.0,1.0,0.002,0.0005,0.05,60,-0.08,0.0,0.2,0.1,0.02,5,0.15,3.0,0.1,100.0,1.0,15.0,1.0,tanh,synthetic_proxy,0.00048622218393989947,0.046527350240821774,0,0.0019440324266486733,1.0488884354042505,1.0,0,1.862645149230957e-09,6.821210263296962e-13,0.40847222222222224,0.4525,-0.03701075612016225
303,True,160,20,5000000,0.5,200000,0.01,0.25,0.03,4.0,1.0,0.002,0.0005,0.05,60,-0.08,0.0,0.2,0.1,0.02,5,0.15,3.0,0.1,100.0,1.0,15.0,1.0,tanh,synthetic_proxy,0.0056912976390339765,0.11613091415235355,1,0.002797489814810832,1.078994941826092,0.999982361023644,0,1.862645149230957e-09,2.7284841053187847e-12,0.4376388888888888,0.49437499999999995,-0.10709656034021331
101,False,160,20,5000000,0.5,200000,0.01,0.25,0.03,4.0,1.0,0.002,0.0005,0.05,60,-0.08,0.8,0.2,0.1,0.02,5,0.15,3.0,0.1,100.0,1.0,15.0,1.0,tanh,synthetic_proxy,-0.0009867669697715131,0.021671310291677015,0,0.002674074146487243,1.0808711215435975,0.9999999662670476,0,1.862645149230957e-09,7.958078640513122e-13,0.7152777777777778,0.47437500000000005,0.024434864195765238
101,True,160,20,5000000,0.5,200000,0.01,0.25,0.03,4.0,1.0,0.002,0.0005,0.05,60,-0.08,0.8,0.2,0.1,0.02,5,0.15,3.0,0.1,100.0,1.0,15.0,1.0,tanh,synthetic_proxy,0.0013365468359429755,0.08032262941555701,0,0.0032483697742700757,1.0868148485962663,0.9999831643385626,0,2.7939677238464355e-09,2.7284841053187847e-12,0.7190277777777778,0.49437499999999995,-0.0526085265382874
202,False,160,20,5000000,0.5,200000,0.01,0.25,0.03,4.0,1.0,0.002,0.0005,0.05,60,-0.08,0.8,0.2,0.1,0.02,5,0.15,3.0,0.1,100.0,1.0,15.0,1.0,tanh,synthetic_proxy,-0.0005711378727039085,0.019688754545772902,0,0.002535573288219314,1.0472772171702514,1.0,0,1.862645149230957e-09,9.094947017729282e-13,0.6805555555555556,0.43375,0.019850753128613396
202,True,160,20,5000000,0.5,200000,0.01,0.25,0.03,4.0,1.0,0.002,0.0005,0.05,60,-0.08,0.8,0.2,0.1,0.02,5,0.15,3.0,0.1,100.0,1.0,15.0,1.0,tanh,synthetic_proxy,-0.001647508139013265,0.09356941675059416,0,0.003272955003960042,1.0725320535918974,0.99999440604491,0,1.862645149230957e-09,1.3642420526593924e-12,0.7125,0.46312499999999995,-0.056872464726229865
303,False,160,20,5000000,0.5,200000,0.01,0.25,0.03,4.0,1.0,0.002,0.0005,0.05,60,-0.08,0.8,0.2,0.1,0.02,5,0.15,3.0,0.1,100.0,1.0,15.0,1.0,tanh,synthetic_proxy,0.0007881501551048053,0.05025887619992597,0,0.0028315899591438995,1.0342043932921476,1.0,0,1.862645149230957e-09,1.3642420526593924e-12,0.6869444444444446,0.42375000000000007,-0.03414757883306396
303,True,160,20,5000000,0.5,200000,0.01,0.25,0.03,4.0,1.0,0.002,0.0005,0.05,60,-0.08,0.8,0.2,0.1,0.02,5,0.15,3.0,0.1,100.0,1.0,15.0,1.0,tanh,synthetic_proxy,0.008052983870240782,0.11922299489676358,1,0.003439131174263293,1.052095317886562,0.9998934419894983,0,2.7939677238464355e-09,5.4569682106375694e-12,0.7290277777777778,0.446875,-0.10593964151890978
101,False,160,20,5000000,0.5,200000,0.05,0.25,0.03,4.0,1.0,0.002,0.0005,0.05,60,-0.08,0.0,0.2,0.1,0.02,5,0.15,3.0,0.1,100.0,1.0,15.0,1.0,tanh,synthetic_proxy,-0.0008426544556131565,0.016317773152793813,0,0.0028519408263553933,1.6000799742129008,0.4569047752022913,0,2.7939677238464355e-09,4.547473508864641e-13,0.3908333333333333,0.475,0.015268832573095859
101,True,160,20,5000000,0.5,200000,0.05,0.25,0.03,4.0,1.0,0.002,0.0005,0.05,60,-0.08,0.0,0.2,0.1,0.02,5,0.15,3.0,0.1,100.0,1.0,15.0,1.0,tanh,synthetic_proxy,-0.000316649333325425,0.07637051541176554,0,0.0034476501151230934,1.599682034657559,0.4545864460941312,0,2.7939677238464355e-09,2.2737367544323206e-12,0.41694444444444445,0.496875,-0.0607145736465613
202,False,160,20,5000000,0.5,200000,0.05,0.25,0.03,4.0,1.0,0.002,0.0005,0.05,60,-0.08,0.0,0.2,0.1,0.02,5,0.15,3.0,0.1,100.0,1.0,15.0,1.0,tanh,synthetic_proxy,-0.0007500191374039122,0.019206875546944557,0,0.0031323899929358427,1.6001426480868228,0.45928437026541324,0,1.862645149230957e-09,9.094947017729282e-13,0.4018055555555556,0.453125,0.027573017940258016
202,True,160,20,5000000,0.5,200000,0.05,0.25,0.03,4.0,1.0,0.002,0.0005,0.05,60,-0.08,0.0,0.2,0.1,0.02,5,0.15,3.0,0.1,100.0,1.0,15.0,1.0,tanh,synthetic_proxy,-0.0013258574559277259,0.09106746526017906,0,0.0036873561528236874,1.5996966916823252,0.4608557492776885,0,2.7939677238464355e-09,1.3642420526593924e-12,0.4290277777777778,0.4725,-0.047731544154841266
303,False,160,20,5000000,0.5,200000,0.05,0.25,0.03,4.0,1.0,0.002,0.0005,0.05,60,-0.08,0.0,0.2,0.1,0.02,5,0.15,3.0,0.1,100.0,1.0,15.0,1.0,tanh,synthetic_proxy,-0.00031288222994174664,0.04996279004532711,0,0.003210711722008478,1.599806736731714,0.4788564363467834,0,1.862645149230957e-09,9.094947017729282e-13,0.4115277777777777,0.45999999999999996,-0.0372188266361978
303,True,160,20,5000000,0.5,200000,0.05,0.25,0.03,4.0,1.0,0.002,0.0005,0.05,60,-0.08,0.0,0.2,0.1,0.02,5,0.15,3.0,0.1,100.0,1.0,15.0,1.0,tanh,synthetic_proxy,0.0056008077108580245,0.11947547243442602,1,0.003875276979796213,1.5994245405061471,0.4750683801593942,0,1.862645149230957e-09,2.2737367544323206e-12,0.43499999999999994,0.504375,-0.10710024109424798
101,False,160,20,5000000,0.5,200000,0.05,0.25,0.03,4.0,1.0,0.002,0.0005,0.05,60,-0.08,0.8,0.2,0.1,0.02,5,0.15,3.0,0.1,100.0,1.0,15.0,1.0,tanh,synthetic_proxy,-0.0022166290658620635,0.026932811831781645,0,0.004340238595719657,1.5961715264035403,0.4826415895156787,0,1.862645149230957e-09,1.8189894035458565e-12,0.7084722222222222,0.48312499999999997,0.02820751317776904
101,True,160,20,5000000,0.5,200000,0.05,0.25,0.03,4.0,1.0,0.002,0.0005,0.05,60,-0.08,0.8,0.2,0.1,0.02,5,0.15,3.0,0.1,100.0,1.0,15.0,1.0,tanh,synthetic_proxy,0.0003430108343343008,0.0826286198964592,0,0.004696878760871993,1.593246313612249,0.48447122755933,0,1.862645149230957e-09,2.7284841053187847e-12,0.7127777777777777,0.510625,-0.047862424430644146
202,False,160,20,5000000,0.5,200000,0.05,0.25,0.03,4.0,1.0,0.002,0.0005,0.05,60,-0.08,0.8,0.2,0.1,0.02,5,0.15,3.0,0.1,100.0,1.0,15.0,1.0,tanh,synthetic_proxy,-0.0017148260136310434,0.022823146526885996,0,0.004389203249323188,1.5990011500668349,0.4881054260882041,0,1.862645149230957e-09,1.3642420526593924e-12,0.6691666666666667,0.44812499999999994,0.023091737147947766
202,True,160,20,5000000,0.5,200000,0.05,0.25,0.03,4.0,1.0,0.002,0.0005,0.05,60,-0.08,0.8,0.2,0.1,0.02,5,0.15,3.0,0.1,100.0,1.0,15.0,1.0,tanh,synthetic_proxy,-0.0036928366989535943,0.09600095591087421,0,0.004840688735093736,1.5984703718994833,0.4846714458732312,0,1.862645149230957e-09,2.0463630789890885e-12,0.7118055555555556,0.473125,-0.05312816415216981
303,False,160,20,5000000,0.5,200000,0.05,0.25,0.03,4.0,1.0,0.002,0.0005,0.05,60,-0.08,0.8,0.2,0.1,0.02,5,0.15,3.0,0.1,100.0,1.0,15.0,1.0,tanh,synthetic_proxy,-0.001292960562424228,0.05505481103274101,0,0.0044494151125516555,1.5963189054072255,0.5132317064772695,0,1.862645149230957e-09,1.8189894035458565e-12,0.6944444444444444,0.426875,-0.030195573461436087
303,True,160,20,5000000,0.5,200000,0.05,0.25,0.03,4.0,1.0,0.002,0.0005,0.05,60,-0.08,0.8,0.2,0.1,0.02,5,0.15,3.0,0.1,100.0,1.0,15.0,1.0,tanh,synthetic_proxy,0.004764987260818199,0.12430395770770097,1,0.004885088034324509,1.592746049900587,0.5036417047787041,0,1.862645149230957e-09,2.7284841053187847e-12,0.7202777777777778,0.465625,-0.10067438412368501
101,False,160,60,5000000,0.5,200000,0.01,0.25,0.03,4.0,1.0,0.002,0.0005,0.05,60,-0.08,0.0,0.2,0.1,0.02,5,0.15,3.0,0.1,100.0,1.0,15.0,1.0,tanh,synthetic_proxy,-0.00012076390913429158,0.014594223777993132,0,0.0014698933916436,1.0590786973000124,1.0,0,1.862645149230957e-09,5.684341886080801e-13,0.3975574712643678,0.46270833333333333,0.014604384484705468
101,True,160,60,5000000,0.5,200000,0.01,0.25,0.03,4.0,1.0,0.002,0.0005,0.05,60,-0.08,0.0,0.2,0.1,0.02,5,0.15,3.0,0.1,100.0,1.0,15.0,1.0,tanh,synthetic_proxy,0.001256705275010983,0.07527834430324698,0,0.0024327810177347735,1.0795606262046675,1.0,0,1.862645149230957e-09,1.3642420526593924e-12,0.4176436781609195,0.48875,-0.06173134778281697
202,False,160,60,5000000,0.5,200000,0.01,0.25,0.03,4.0,1.0,0.002,0.0005,0.05,60,-0.08,0.0,0.2,0.1,0.02,5,0.15,3.0,0.1,100.0,1.0,15.0,1.0,tanh,synthetic_proxy,-0.00010955552060998297,0.012729981707557791,0,0.0014626636249577196,1.0688788232863669,1.0,0,1.862645149230957e-09,6.821210263296962e-13,0.3943247126436782,0.4695833333333333,0.02520717524023519
202,True,160,60,5000000,0.5,200000,0.01,0.25,0.03,4.0,1.0,0.002,0.0005,0.05,60,-0.08,0.0,0.2,0.1,0.02,5,0.15,3.0,0.1,100.0,1.0,15.0,1.0,tanh,synthetic_proxy,0.0001948215776077511,0.0857582163018592,0,0.002401415121718851,1.0808432667335939,1.0,0,1.862645149230957e-09,9.094947017729282e-13,0.4197270114942528,0.48583333333333334,-0.05140738689867663
303,False,160,60,5000000,0.5,200000,0.01,0.25,0.03,4.0,1.0,0.002,0.0005,0.05,60,-0.08,0.0,0.2,0.1,0.02,5,0.15,3.0,0.1,100.0,1.0,15.0,1.0,tanh,synthetic_proxy,0.0005637920790373396,0.04835117237811637,0,0.001564096334395228,1.0396856973754784,1.0,0,1.862645149230957e-09,1.1368683772161603e-12,0.4110632183908047,0.45,-0.03534723704095044
303,True,160,60,5000000,0.5,200000,0.01,0.25,0.03,4.0,1.0,0.002,0.0005,0.05,60,-0.08,0.0,0.2,0.1,0.02,5,0.15,3.0,0.1,100.0,1.0,15.0,1.0,tanh,synthetic_proxy,0.006019832030285999,0.11850052775156183,1,0.002538608952547542,1.0664356063352214,0.9999824598026512,0,1.862645149230957e-09,1.3642420526593924e-12,0.4411925287356322,0.4841666666666667,-0.10657663972502518
101,False,160,60,5000000,0.5,200000,0.01,0.25,0.03,4.0,1.0,0.002,0.0005,0.05,60,-0.08,0.8,0.2,0.1,0.02,5,0.15,3.0,0.1,100.0,1.0,15.0,1.0,tanh,synthetic_proxy,-0.0009988229300863516,0.023066973511401745,0,0.0026754363461007112,1.0694880877017292,1.0,0,2.7939677238464355e-09,2.2737367544323206e-13,0.7035919540229886,0.4664583333333333,0.023782199801242188
101,True,160,60,5000000,0.5,200000,0.01,0.25,0.03,4.0,1.0,0.002,0.0005,0.05,60,-0.08,0.8,0.2,0.1,0.02,5,0.15,3.0,0.1,100.0,1.0,15.0,1.0,tanh,synthetic_proxy,0.0015637760891393793,0.08181476296236789,0,0.003226719315259127,1.086887199755508,0.999987378213827,0,2.7939677238464355e-09,1.3642420526593924e-12,0.7134051724137931,0.489375,-0.05333407395915246
202,False,160,60,5000000,0.5,200000,0.01,0.25,0.03,4.0,1.0,0.002,0.0005,0.05,60,-0.08,0.8,0.2,0.1,0.02,5,0.15,3.0,0.1,100.0,1.0,15.0,1.0,tanh,synthetic_proxy,-0.0005575559668842267,0.018095720660063264,0,0.002457103138546123,1.0427726905845716,1.0,0,2.7939677238464355e-09,9.094947017729282e-13,0.6714367816091954,0.436875,0.01927100352811162
202,True,160,60,5000000,0.5,200000,0.01,0.25,0.03,4.0,1.0,0.002,0.0005,0.05,60,-0.08,0.8,0.2,0.1,0.02,5,0.15,3.0,0.1,100.0,1.0,15.0,1.0,tanh,synthetic_proxy,-0.0014239775178540581,0.09205627452234932,0,0.0031406165930363537,1.0671978955563208,0.999999112202967,0,2.7939677238464355e-09,9.094947017729282e-13,0.7021695402298851,0.465,-0.057141373709236776
303,False,160,60,5000000,0.5,200000,0.01,0.25,0.03,4.0,1.0,0.002,0.0005,0.05,60,-0.08,0.8,0.2,0.1,0.02,5,0.15,3.0,0.1,100.0,1.0,15.0,1.0,tanh,synthetic_proxy,0.0005343883239996572,0.050904607686375725,0,0.0026082271267421973,1.0305046151608215,1.0,0,1.862645149230957e-09,2.2737367544323206e-12,0.6937643678160919,0.42937499999999995,-0.032488808885833276
303,True,160,60,5000000,0.5,200000,0.01,0.25,0.03,4.0,1.0,0.002,0.0005,0.05,60,-0.08,0.8,0.2,0.1,0.02,5,0.15,3.0,0.1,100.0,1.0,15.0,1.0,tanh,synthetic_proxy,0.007109480948711999,0.11992295873687131,1,0.0032181049378048367,1.0503405571295865,0.9999562851054773,0,1.862645149230957e-09,2.7284841053187847e-12,0.7221408045977011,0.4522916666666667,-0.10455257894055503
101,False,160,60,5000000,0.5,200000,0.05,0.25,0.03,4.0,1.0,0.002,0.0005,0.05,60,-0.08,0.0,0.2,0.1,0.02,5,0.15,3.0,0.1,100.0,1.0,15.0,1.0,tanh,synthetic_proxy,-0.0003640804782136797,0.01651763421292174,0,0.00228805060909284,1.6000763236074795,0.45457436125957795,0,1.862645149230957e-09,7.958078640513122e-13,0.3971408045977012,0.4658333333333333,0.014694384101813007
101,True,160,60,5000000,0.5,200000,0.05,0.25,0.03,4.0,1.0,0.002,0.0005,0.05,60,-0.08,0.0,0.2,0.1,0.02,5,0.15,3.0,0.1,100.0,1.0,15.0,1.0,tanh,synthetic_proxy,7.317704361065047e-05,0.07619740713949119,0,0.0030110107608449723,1.5996808075592694,0.4510620170245871,0,1.862645149230957e-09,2.2737367544323206e-12,0.4173275862068966,0.495,-0.06085494530139368
202,False,160,60,5000000,0.5,200000,0.05,0.25,0.03,4.0,1.0,0.002,0.0005,0.05,60,-0.08,0.0,0.2,0.1,0.02,5,0.15,3.0,0.1,100.0,1.0,15.0,1.0,tanh,synthetic_proxy,-0.00042664854433704935,0.016022180349095416,0,0.0022325922768162386,1.6001357690341034,0.4501104607593117,0,1.862645149230957e-09,6.821210263296962e-13,0.39521551724137927,0.4708333333333333,0.026495961472436047
202,True,160,60,5000000,0.5,200000,0.05,0.25,0.03,4.0,1.0,0.002,0.0005,0.05,60,-0.08,0.0,0.2,0.1,0.02,5,0.15,3.0,0.1,100.0,1.0,15.0,1.0,tanh,synthetic_proxy,-0.000736958564298229,0.08803206446910272,0,0.0029950866818253654,1.5997475067791431,0.44975181369943734,0,1.862645149230957e-09,1.3642420526593924e-12,0.4186350574712643,0.4883333333333333,-0.04855901237547189
303,False,160,60,5000000,0.5,200000,0.05,0.25,0.03,4.0,1.0,0.002,0.0005,0.05,60,-0.08,0.0,0.2,0.1,0.02,5,0.15,3.0,0.1,100.0,1.0,15.0,1.0,tanh,synthetic_proxy,-0.0001441613263292174,0.050439329212508266,0,0.002493454309804561,1.599833685825882,0.4696301475672602,0,2.7939677238464355e-09,6.821210263296962e-13,0.41511494252873565,0.4529166666666667,-0.03224639822180431
303,True,160,60,5000000,0.5,200000,0.05,0.25,0.03,4.0,1.0,0.002,0.0005,0.05,60,-0.08,0.0,0.2,0.1,0.02,5,0.15,3.0,0.1,100.0,1.0,15.0,1.0,tanh,synthetic_proxy,0.005443382344633818,0.12034705714974436,1,0.00324935048642715,1.5994458723356457,0.4705540639225193,0,2.7939677238464355e-09,2.2737367544323206e-12,0.4427011494252874,0.48895833333333333,-0.10333988336681799
101,False,160,60,5000000,0.5,200000,0.05,0.25,0.03,4.0,1.0,0.002,0.0005,0.05,60,-0.08,0.8,0.2,0.1,0.02,5,0.15,3.0,0.1,100.0,1.0,15.0,1.0,tanh,synthetic_proxy,-0.002098778473880736,0.02664688682073968,0,0.00428567721492428,1.6001406070007735,0.4710382615944382,0,2.7939677238464355e-09,1.0231815394945443e-12,0.7019827586206897,0.480625,0.02701979291945178
101,True,160,60,5000000,0.5,200000,0.05,0.25,0.03,4.0,1.0,0.002,0.0005,0.05,60,-0.08,0.8,0.2,0.1,0.02,5,0.15,3.0,0.1,100.0,1.0,15.0,1.0,tanh,synthetic_proxy,0.000544018080589348,0.08340640618802964,0,0.004609973481091711,1.5997468928768117,0.4735893196919895,0,2.7939677238464355e-09,3.637978807091713e-12,0.7104741379310345,0.509375,-0.049240410550927205
202,False,160,60,5000000,0.5,200000,0.05,0.25,0.03,4.0,1.0,0.002,0.0005,0.05,60,-0.08,0.8,0.2,0.1,0.02,5,0.15,3.0,0.1,100.0,1.0,15.0,1.0,tanh,synthetic_proxy,-0.001590192268389412,0.024321847156995924,0,0.004156415710152009,1.6000305861160622,0.48804808091757595,0,1.862645149230957e-09,1.1368683772161603e-12,0.6651580459770114,0.4454166666666667,0.020736190811430966
202,True,160,60,5000000,0.5,200000,0.05,0.25,0.03,4.0,1.0,0.002,0.0005,0.05,60,-0.08,0.8,0.2,0.1,0.02,5,0.15,3.0,0.1,100.0,1.0,15.0,1.0,tanh,synthetic_proxy,-0.002839721304153331,0.0967472528327381,0,0.004617088812316835,1.5997150499270052,0.47528214320546847,0,1.862645149230957e-09,1.1368683772161603e-12,0.6865229885057471,0.4802083333333334,-0.05496292355421428
303,False,160,60,5000000,0.5,200000,0.05,0.25,0.03,4.0,1.0,0.002,0.0005,0.05,60,-0.08,0.8,0.2,0.1,0.02,5,0.15,3.0,0.1,100.0,1.0,15.0,1.0,tanh,synthetic_proxy,-0.0010862844253068937,0.05464967691996536,0,0.004164954589667918,1.5998533609215964,0.5003827032223607,0,1.862645149230957e-09,9.094947017729282e-13,0.6987931034482758,0.43187500000000006,-0.028605358849096096
303,True,160,60,5000000,0.5,200000,0.05,0.25,0.03,4.0,1.0,0.002,0.0005,0.05,60,-0.08,0.8,0.2,0.1,0.02,5,0.15,3.0,0.1,100.0,1.0,15.0,1.0,tanh,synthetic_proxy,0.005324413005482365,0.12338970133784721,1,0.004439483485965603,1.5994606037428933,0.5035634309906435,0,2.7939677238464355e-09,3.637978807091713e-12,0.7190517241379311,0.45125000000000004,-0.10088654233872774
101,False,160,20,5000000,0.5,1000000,0.01,0.25,0.03,4.0,1.0,0.002,0.0005,0.05,60,-0.08,0.0,0.2,0.1,0.02,5,0.15,3.0,0.1,100.0,1.0,15.0,1.0,tanh,synthetic_proxy,-6.688812130095645e-05,0.0117549067841487,0,0.0006530755244179462,1.0620485542936378,1.0,0,1.862645149230957e-09,5.684341886080801e-13,0.3908333333333333,0.47375,0.0157893337352073
101,True,160,20,5000000,0.5,1000000,0.01,0.25,0.03,4.0,1.0,0.002,0.0005,0.05,60,-0.08,0.0,0.2,0.1,0.02,5,0.15,3.0,0.1,100.0,1.0,15.0,1.0,tanh,synthetic_proxy,0.003692140918147624,0.06319839467455168,0,0.00125213378833911,1.0989333613781593,1.0,0,1.862645149230957e-09,2.7284841053187847e-12,0.4298611111111111,0.5181250000000001,-0.06117040752201475
202,False,160,20,5000000,0.5,1000000,0.01,0.25,0.03,4.0,1.0,0.002,0.0005,0.05,60,-0.08,0.0,0.2,0.1,0.02,5,0.15,3.0,0.1,100.0,1.0,15.0,1.0,tanh,synthetic_proxy,0.0002593033081452756,0.007403342836306281,0,0.0007161515543370063,1.0547893671190771,1.0,0,1.862645149230957e-09,1.5916157281026244e-12,0.41541666666666666,0.449375,0.023489135898976832
202,True,160,20,5000000,0.5,1000000,0.01,0.25,0.03,4.0,1.0,0.002,0.0005,0.05,60,-0.08,0.0,0.2,0.1,0.02,5,0.15,3.0,0.1,100.0,1.0,15.0,1.0,tanh,synthetic_proxy,0.0016538446467120327,0.08239192660668848,0,0.0013924182828870795,1.1059584759748775,1.0,0,2.7939677238464355e-09,1.3642420526593924e-12,0.4523611111111111,0.5018750000000001,-0.05359510928822142
303,False,160,20,5000000,0.5,1000000,0.01,0.25,0.03,4.0,1.0,0.002,0.0005,0.05,60,-0.08,0.0,0.2,0.1,0.02,5,0.15,3.0,0.1,100.0,1.0,15.0,1.0,tanh,synthetic_proxy,0.0018112476037082104,0.04423995361490429,0,0.0007292984881325578,1.0501791318368399,1.0,0,1.862645149230957e-09,1.5916157281026244e-12,0.40527777777777774,0.46624999999999994,-0.0376571441368988
303,True,160,20,5000000,0.5,1000000,0.01,0.25,0.03,4.0,1.0,0.002,0.0005,0.05,60,-0.08,0.0,0.2,0.1,0.02,5,0.15,3.0,0.1,100.0,1.0,15.0,1.0,tanh,synthetic_proxy,0.011083689645798644,0.11538291382709587,1,0.0014313156612924404,1.1055809891404618,1.0,0,2.7939677238464355e-09,3.637978807091713e-12,0.45902777777777776,0.53125,-0.10976380138282604
101,False,160,20,5000000,0.5,1000000,0.01,0.25,0.03,4.0,1.0,0.002,0.0005,0.05,60,-0.08,0.8,0.2,0.1,0.02,5,0.15,3.0,0.1,100.0,1.0,15.0,1.0,tanh,synthetic_proxy,-0.0006823681765312228,0.013681831291615598,0,0.0007580561972319745,1.050654704844151,1.0,0,1.862645149230957e-09,6.821210263296962e-13,0.7129166666666666,0.458125,0.018288528769918377
101,True,160,20,5000000,0.5,1000000,0.01,0.25,0.03,4.0,1.0,0.002,0.0005,0.05,60,-0.08,0.8,0.2,0.1,0.02,5,0.15,3.0,0.1,100.0,1.0,15.0,1.0,tanh,synthetic_proxy,0.004871885715562518,0.06496824989620831,0,0.0012784468951021228,1.1044973188775717,1.0,0,1.862645149230957e-09,1.8189894035458565e-12,0.7151388888888889,0.5193749999999999,-0.05876838693118802
202,False,160,20,5000000,0.5,1000000,0.01,0.25,0.03,4.0,1.0,0.002,0.0005,0.05,60,-0.08,0.8,0.2,0.1,0.02,5,0.15,3.0,0.1,100.0,1.0,15.0,1.0,tanh,synthetic_proxy,0.00042150001693364025,0.009456878981042083,0,0.0007687047185195698,1.0411489197541948,1.0,0,1.862645149230957e-09,1.3642420526593924e-12,0.6854166666666667,0.43562500000000004,0.021642734126391838
202,True,160,20,5000000,0.5,1000000,0.01,0.25,0.03,4.0,1.0,0.002,0.0005,0.05,60,-0.08,0.8,0.2,0.1,0.02,5,0.15,3.0,0.1,100.0,1.0,15.0,1.0,tanh,synthetic_proxy,-0.0007971846098348001,0.08396687180389362,0,0.0014455290929417987,1.0929496988374696,1.0,0,1.862645149230957e-09,1.8189894035458565e-12,0.7279166666666667,0.484375,-0.055091497938064116
303,False,160,20,5000000,0.5,1000000,0.01,0.25,0.03,4.0,1.0,0.002,0.0005,0.05,60,-0.08,0.8,0.2,0.1,0.02,5,0.15,3.0,0.1,100.0,1.0,15.0,1.0,tanh,synthetic_proxy,0.003017811246331936,0.04452759834280484,0,0.0008495142611151297,1.0144838714428388,1.0,0,1.862645149230957e-09,3.183231456205249e-12,0.7206944444444445,0.42062499999999997,-0.036893310902306076
303,True,160,20,5000000,0.5,1000000,0.01,0.25,0.03,4.0,1.0,0.002,0.0005,0.05,60,-0.08,0.8,0.2,0.1,0.02,5,0.15,3.0,0.1,100.0,1.0,15.0,1.0,tanh,synthetic_proxy,0.014544797760637662,0.11598312028866964,1,0.0014794359341634643,1.0859546384622905,1.0,0,1.862645149230957e-09,3.183231456205249e-12,0.7459722222222223,0.5025000000000001,-0.10956470725901457
101,False,160,20,5000000,0.5,1000000,0.05,0.25,0.03,4.0,1.0,0.002,0.0005,0.05,60,-0.08,0.0,0.2,0.1,0.02,5,0.15,3.0,0.1,100.0,1.0,15.0,1.0,tanh,synthetic_proxy,0.00011322401166036222,0.013225545751497814,0,0.0013096799354978435,3.737792308432266,1.0,0,1.862645149230957e-09,1.3642420526593924e-12,0.38638888888888884,0.476875,0.015230118902983758
101,True,160,20,5000000,0.5,1000000,0.05,0.25,0.03,4.0,1.0,0.002,0.0005,0.05,60,-0.08,0.0,0.2,0.1,0.02,5,0.15,3.0,0.1,100.0,1.0,15.0,1.0,tanh,synthetic_proxy,0.003015095231813536,0.06401054810523721,0,0.002068931529012369,3.8305746438590482,1.0,0,1.862645149230957e-09,4.206412995699793e-12,0.4226388888888889,0.523125,-0.06036093684407817
202,False,160,20,5000000,0.5,1000000,0.05,0.25,0.03,4.0,1.0,0.002,0.0005,0.05,60,-0.08,0.0,0.2,0.1,0.02,5,0.15,3.0,0.1,100.0,1.0,15.0,1.0,tanh,synthetic_proxy,-0.00027377320295107754,0.010634460816423386,0,0.0015549919701616682,3.70471359219528,1.0,0,1.862645149230957e-09,1.8189894035458565e-12,0.41305555555555556,0.445625,0.02333925295228023
202,True,160,20,5000000,0.5,1000000,0.05,0.25,0.03,4.0,1.0,0.002,0.0005,0.05,60,-0.08,0.0,0.2,0.1,0.02,5,0.15,3.0,0.1,100.0,1.0,15.0,1.0,tanh,synthetic_proxy,0.004961761316710334,0.08292721259271507,0,0.0022660112812809704,3.7627809110434702,0.9999964521847392,0,1.862645149230957e-09,1.8189894035458565e-12,0.4408333333333333,0.4931249999999999,-0.051323235431075864
303,False,160,20,5000000,0.5,1000000,0.05,0.25,0.03,4.0,1.0,0.002,0.0005,0.05,60,-0.08,0.0,0.2,0.1,0.02,5,0.15,3.0,0.1,100.0,1.0,15.0,1.0,tanh,synthetic_proxy,0.0006335428004855537,0.045694788439460954,0,0.0014568108789010591,3.632211014065876,1.0,0,1.862645149230957e-09,1.8189894035458565e-12,0.40499999999999997,0.46812499999999996,-0.0365895475513911
303,True,160,20,5000000,0.5,1000000,0.05,0.25,0.03,4.0,1.0,0.002,0.0005,0.05,60,-0.08,0.0,0.2,0.1,0.02,5,0.15,3.0,0.1,100.0,1.0,15.0,1.0,tanh,synthetic_proxy,0.015456766119819054,0.11653300530984312,1,0.002222232798987938,3.7891289827456442,0.9999918663982456,0,1.862645149230957e-09,4.547473508864641e-12,0.45902777777777787,0.5375,-0.10787289146210055
101,False,160,20,5000000,0.5,1000000,0.05,0.25,0.03,4.0,1.0,0.002,0.0005,0.05,60,-0.08,0.8,0.2,0.1,0.02,5,0.15,3.0,0.1,100.0,1.0,15.0,1.0,tanh,synthetic_proxy,-0.0015102848983090666,0.02154694572921012,0,0.002183441668104986,3.7950862751620034,1.0,0,1.862645149230957e-09,2.7284841053187847e-12,0.7176388888888889,0.46312499999999995,0.024118928121766636
101,True,160,20,5000000,0.5,1000000,0.05,0.25,0.03,4.0,1.0,0.002,0.0005,0.05,60,-0.08,0.8,0.2,0.1,0.02,5,0.15,3.0,0.1,100.0,1.0,15.0,1.0,tanh,synthetic_proxy,0.0070480834485262545,0.07023651566246458,0,0.0026484628051485636,3.898109012454802,0.9999969008591311,0,2.7939677238464355e-09,3.637978807091713e-12,0.72875,0.515,-0.05046849549408028
202,False,160,20,5000000,0.5,1000000,0.05,0.25,0.03,4.0,1.0,0.002,0.0005,0.05,60,-0.08,0.8,0.2,0.1,0.02,5,0.15,3.0,0.1,100.0,1.0,15.0,1.0,tanh,synthetic_proxy,-0.0010139963533418728,0.017718324876115132,0,0.0021035180971860643,3.6569926221251667,1.0,0,1.862645149230957e-09,4.320099833421409e-12,0.6780555555555556,0.434375,0.018830467758703673
202,True,160,20,5000000,0.5,1000000,0.05,0.25,0.03,4.0,1.0,0.002,0.0005,0.05,60,-0.08,0.8,0.2,0.1,0.02,5,0.15,3.0,0.1,100.0,1.0,15.0,1.0,tanh,synthetic_proxy,0.0026766425028450502,0.08741148211886562,0,0.0026002523310619634,3.7417882405041873,0.999995597029059,0,1.862645149230957e-09,3.637978807091713e-12,0.7230555555555556,0.48250000000000004,-0.0541512034239231
303,False,160,20,5000000,0.5,1000000,0.05,0.25,0.03,4.0,1.0,0.002,0.0005,0.05,60,-0.08,0.8,0.2,0.1,0.02,5,0.15,3.0,0.1,100.0,1.0,15.0,1.0,tanh,synthetic_proxy,0.0014145904115840935,0.045994710659181814,0,0.002248512101025947,3.4590465282848233,1.0,0,2.7939677238464355e-09,3.183231456205249e-12,0.7172222222222222,0.42062499999999997,-0.03281426433294099
303,True,160,20,5000000,0.5,1000000,0.05,0.25,0.03,4.0,1.0,0.002,0.0005,0.05,60,-0.08,0.8,0.2,0.1,0.02,5,0.15,3.0,0.1,100.0,1.0,15.0,1.0,tanh,synthetic_proxy,0.017397375119366787,0.11721326632579376,1,0.002883897567711296,3.839837405566743,0.999986441550347,0,1.862645149230957e-09,5.4569682106375694e-12,0.7394444444444443,0.524375,-0.10561443972848283
101,False,160,60,5000000,0.5,1000000,0.01,0.25,0.03,4.0,1.0,0.002,0.0005,0.05,60,-0.08,0.0,0.2,0.1,0.02,5,0.15,3.0,0.1,100.0,1.0,15.0,1.0,tanh,synthetic_proxy,0.00017649283391718562,0.011606976688712467,0,0.0006429710076431067,1.0586810600709056,1.0,0,1.862645149230957e-09,6.821210263296962e-13,0.39879310344827584,0.46229166666666666,0.015052725702894731
101,True,160,60,5000000,0.5,1000000,0.01,0.25,0.03,4.0,1.0,0.002,0.0005,0.05,60,-0.08,0.0,0.2,0.1,0.02,5,0.15,3.0,0.1,100.0,1.0,15.0,1.0,tanh,synthetic_proxy,0.0033854184214188177,0.06377930779728735,0,0.0012436194577470875,1.0973382931178357,1.0,0,2.7939677238464355e-09,2.7284841053187847e-12,0.4353735632183908,0.5085416666666667,-0.06148612184990232
202,False,160,60,5000000,0.5,1000000,0.01,0.25,0.03,4.0,1.0,0.002,0.0005,0.05,60,-0.08,0.0,0.2,0.1,0.02,5,0.15,3.0,0.1,100.0,1.0,15.0,1.0,tanh,synthetic_proxy,0.00021092402740907623,0.007182917147645851,0,0.0006811351073993507,1.0706113274710878,1.0,0,2.7939677238464355e-09,1.5916157281026244e-12,0.39540229885057476,0.47229166666666667,0.023573627999243563
202,True,160,60,5000000,0.5,1000000,0.01,0.25,0.03,4.0,1.0,0.002,0.0005,0.05,60,-0.08,0.0,0.2,0.1,0.02,5,0.15,3.0,0.1,100.0,1.0,15.0,1.0,tanh,synthetic_proxy,0.001879525386260017,0.08170612853925008,0,0.0013842603831163939,1.1110361134400581,1.0,0,1.862645149230957e-09,1.8189894035458565e-12,0.43281609195402293,0.524375,-0.05351067877824389
303,False,160,60,5000000,0.5,1000000,0.01,0.25,0.03,4.0,1.0,0.002,0.0005,0.05,60,-0.08,0.0,0.2,0.1,0.02,5,0.15,3.0,0.1,100.0,1.0,15.0,1.0,tanh,synthetic_proxy,0.001769696781026342,0.044686300830511394,0,0.0006990421771178025,1.0483833271114669,1.0,0,1.862645149230957e-09,1.3642420526593924e-12,0.41147988505747135,0.45562500000000006,-0.03760551915629562
303,True,160,60,5000000,0.5,1000000,0.01,0.25,0.03,4.0,1.0,0.002,0.0005,0.05,60,-0.08,0.0,0.2,0.1,0.02,5,0.15,3.0,0.1,100.0,1.0,15.0,1.0,tanh,synthetic_proxy,0.01128480055247727,0.11591241183803225,1,0.001412394444503196,1.1126727552380478,1.0,0,2.7939677238464355e-09,4.547473508864641e-12,0.46533045977011495,0.5272916666666667,-0.10996186784145323
101,False,160,60,5000000,0.5,1000000,0.01,0.25,0.03,4.0,1.0,0.002,0.0005,0.05,60,-0.08,0.8,0.2,0.1,0.02,5,0.15,3.0,0.1,100.0,1.0,15.0,1.0,tanh,synthetic_proxy,-0.00045534442860573066,0.013800341771422975,0,0.0007730662413463384,1.0496338761629005,1.0,0,2.7939677238464355e-09,3.410605131648481e-13,0.7089224137931034,0.44708333333333333,0.017906902206695552
101,True,160,60,5000000,0.5,1000000,0.01,0.25,0.03,4.0,1.0,0.002,0.0005,0.05,60,-0.08,0.8,0.2,0.1,0.02,5,0.15,3.0,0.1,100.0,1.0,15.0,1.0,tanh,synthetic_proxy,0.004549221845568496,0.06457678176459014,0,0.0012842491188172426,1.0933625573211532,1.0,0,2.7939677238464355e-09,3.183231456205249e-12,0.7197126436781609,0.5037499999999999,-0.05913320127835764
202,False,160,60,5000000,0.5,1000000,0.01,0.25,0.03,4.0,1.0,0.002,0.0005,0.05,60,-0.08,0.8,0.2,0.1,0.02,5,0.15,3.0,0.1,100.0,1.0,15.0,1.0,tanh,synthetic_proxy,0.00044116623318091186,0.009028028504842411,0,0.0007568109641382441,1.032355154191234,1.0,0,2.7939677238464355e-09,2.7284841053187847e-12,0.6743390804597701,0.43,0.021621763783385095
202,True,160,60,5000000,0.5,1000000,0.01,0.25,0.03,4.0,1.0,0.002,0.0005,0.05,60,-0.08,0.8,0.2,0.1,0.02,5,0.15,3.0,0.1,100.0,1.0,15.0,1.0,tanh,synthetic_proxy,-0.00048360367044153474,0.08347653985771164,0,0.0014437613036826116,1.0794989471516214,1.0,0,2.7939677238464355e-09,3.637978807091713e-12,0.711867816091954,0.4831250000000001,-0.05487049652382536
303,False,160,60,5000000,0.5,1000000,0.01,0.25,0.03,4.0,1.0,0.002,0.0005,0.05,60,-0.08,0.8,0.2,0.1,0.02,5,0.15,3.0,0.1,100.0,1.0,15.0,1.0,tanh,synthetic_proxy,0.002815196679193832,0.045031804140377996,0,0.0008130932798912561,1.0278812423342363,1.0,0,2.7939677238464355e-09,3.183231456205249e-12,0.7113936781609196,0.43,-0.03698854984956601
303,True,160,60,5000000,0.5,1000000,0.01,0.25,0.03,4.0,1.0,0.002,0.0005,0.05,60,-0.08,0.8,0.2,0.1,0.02,5,0.15,3.0,0.1,100.0,1.0,15.0,1.0,tanh,synthetic_proxy,0.0138854910016315,0.11640362262906112,1,0.0014607748015379762,1.0982040744627974,1.0,0,3.725290298461914e-09,3.637978807091713e-12,0.7459626436781609,0.5035416666666668,-0.1097862911771671
101,False,160,60,5000000,0.5,1000000,0.05,0.25,0.03,4.0,1.0,0.002,0.0005,0.05,60,-0.08,0.0,0.2,0.1,0.02,5,0.15,3.0,0.1,100.0,1.0,15.0,1.0,tanh,synthetic_proxy,0.00024385216999300852,0.013357835931986473,0,0.0010969982381148866,3.721376857453861,1.0,0,2.7939677238464355e-09,1.0231815394945443e-12,0.39715517241379317,0.465,0.01502673038271718
101,True,160,60,5000000,0.5,1000000,0.05,0.25,0.03,4.0,1.0,0.002,0.0005,0.05,60,-0.08,0.0,0.2,0.1,0.02,5,0.15,3.0,0.1,100.0,1.0,15.0,1.0,tanh,synthetic_proxy,0.003832059026550594,0.06467197170859429,0,0.001923760459865298,3.8080687362198384,1.0,0,1.862645149230957e-09,2.7284841053187847e-12,0.4273994252873563,0.51125,-0.060147221343758606
202,False,160,60,5000000,0.5,1000000,0.05,0.25,0.03,4.0,1.0,0.002,0.0005,0.05,60,-0.08,0.0,0.2,0.1,0.02,5,0.15,3.0,0.1,100.0,1.0,15.0,1.0,tanh,synthetic_proxy,-9.973008078023593e-05,0.010182317506813643,0,0.0010997813794654467,3.7577539834533034,1.0,0,1.862645149230957e-09,1.8189894035458565e-12,0.3961350574712644,0.4697916666666667,0.023919809156198957
202,True,160,60,5000000,0.5,1000000,0.05,0.25,0.03,4.0,1.0,0.002,0.0005,0.05,60,-0.08,0.0,0.2,0.1,0.02,5,0.15,3.0,0.1,100.0,1.0,15.0,1.0,tanh,synthetic_proxy,0.005147631723206425,0.0823017353559935,0,0.0019872264164055953,3.825371210931754,0.9999990021742378,0,1.862645149230957e-09,1.8189894035458565e-12,0.4272413793103448,0.514375,-0.051345607622923284
303,False,160,60,5000000,0.5,1000000,0.05,0.25,0.03,4.0,1.0,0.002,0.0005,0.05,60,-0.08,0.0,0.2,0.1,0.02,5,0.15,3.0,0.1,100.0,1.0,15.0,1.0,tanh,synthetic_proxy,0.0008211664149375686,0.04633762630990035,0,0.0011813526011999113,3.61299813470826,1.0,0,1.862645149230957e-09,2.2737367544323206e-12,0.41130747126436784,0.456875,-0.03454454542447294
303,True,160,60,5000000,0.5,1000000,0.05,0.25,0.03,4.0,1.0,0.002,0.0005,0.05,60,-0.08,0.0,0.2,0.1,0.02,5,0.15,3.0,0.1,100.0,1.0,15.0,1.0,tanh,synthetic_proxy,0.015259460523296076,0.11692620104793527,1,0.0020446892761040608,3.80224071674268,0.9999784482124149,0,1.862645149230957e-09,2.7284841053187847e-12,0.4634626436781609,0.5295833333333333,-0.10688301505383135
101,False,160,60,5000000,0.5,1000000,0.05,0.25,0.03,4.0,1.0,0.002,0.0005,0.05,60,-0.08,0.8,0.2,0.1,0.02,5,0.15,3.0,0.1,100.0,1.0,15.0,1.0,tanh,synthetic_proxy,-0.001496790841438611,0.022501254283473604,0,0.0022857696476550403,3.8190661233608694,1.0,0,1.862645149230957e-09,1.8758328224066645e-12,0.7045545977011495,0.46416666666666667,0.023360170516954604
101,True,160,60,5000000,0.5,1000000,0.05,0.25,0.03,4.0,1.0,0.002,0.0005,0.05,60,-0.08,0.8,0.2,0.1,0.02,5,0.15,3.0,0.1,100.0,1.0,15.0,1.0,tanh,synthetic_proxy,0.007093770173897562,0.07035040820150007,0,0.0027435428228157225,3.921080174880398,0.9999888142296192,0,1.862645149230957e-09,7.275957614183426e-12,0.7175,0.5114583333333333,-0.05082564191176775
202,False,160,60,5000000,0.5,1000000,0.05,0.25,0.03,4.0,1.0,0.002,0.0005,0.05,60,-0.08,0.8,0.2,0.1,0.02,5,0.15,3.0,0.1,100.0,1.0,15.0,1.0,tanh,synthetic_proxy,-0.0005705818831421849,0.015997477256720183,0,0.0019642019365019333,3.5695752735914854,1.0,0,1.862645149230957e-09,2.2737367544323206e-12,0.6718390804597701,0.43062500000000004,0.018612103155548176
202,True,160,60,5000000,0.5,1000000,0.05,0.25,0.03,4.0,1.0,0.002,0.0005,0.05,60,-0.08,0.8,0.2,0.1,0.02,5,0.15,3.0,0.1,100.0,1.0,15.0,1.0,tanh,synthetic_proxy,0.00304360059510822,0.08698969558875824,0,0.002522886036608086,3.6590423357349997,0.9999953243135936,0,1.862645149230957e-09,2.2737367544323206e-12,0.7156465517241379,0.47562499999999996,-0.05511816103543299
303,False,160,60,5000000,0.5,1000000,0.05,0.25,0.03,4.0,1.0,0.002,0.0005,0.05,60,-0.08,0.8,0.2,0.1,0.02,5,0.15,3.0,0.1,100.0,1.0,15.0,1.0,tanh,synthetic_proxy,0.0013251358778096911,0.04726848835029773,0,0.0021187095159915293,3.556338562938546,1.0,0,2.7939677238464355e-09,3.183231456205249e-12,0.7073994252873563,0.4264583333333333,-0.030670686470385622
303,True,160,60,5000000,0.5,1000000,0.05,0.25,0.03,4.0,1.0,0.002,0.0005,0.05,60,-0.08,0.8,0.2,0.1,0.02,5,0.15,3.0,0.1,100.0,1.0,15.0,1.0,tanh,synthetic_proxy,0.01719849762450676,0.11798952376431338,1,0.002757247997371864,3.8840718448325275,0.9999701614286428,0,2.7939677238464355e-09,5.4569682106375694e-12,0.7398850574712643,0.515,-0.1042261421515086
