capital,depth,agents,trade_fraction,shared_error,metric,n,mean,se,low95,high95
1000000,200000,20,0.01,0.0,shock_effect_max_price_drawdown,3,0.06585834395765892,0.0072924221334571375,0.03448158395865418,0.09723510395666367
1000000,200000,20,0.01,0.0,shock_effect_crash,3,0.3333333333333333,0.33333333333333337,-1.100884243249821,1.7675509099164874
1000000,200000,20,0.01,0.0,shock_effect_ai_net_return,3,0.004808670806701776,0.0023339266450423555,-0.005233405043624718,0.01485074665702827
1000000,200000,20,0.01,0.0,shock_effect_turnover,3,0.0478185910813147,0.005601778414694963,0.023716083893875802,0.07192109826875359
1000000,200000,20,0.01,0.8,shock_effect_max_price_drawdown,3,0.06575064445776968,0.007285666755883885,0.03440295050252098,0.09709833841301838
1000000,200000,20,0.01,0.8,shock_effect_crash,3,0.3333333333333333,0.33333333333333337,-1.100884243249821,1.7675509099164874
1000000,200000,20,0.01,0.8,shock_effect_ai_net_return,3,0.0052875185932103426,0.003681774662616485,-0.01055387920921888,0.021128916395639567
1000000,200000,20,0.01,0.8,shock_effect_turnover,3,0.059038053378715594,0.006244238647086697,0.032171262918620935,0.08590484383881025
1000000,200000,20,0.05,0.0,shock_effect_max_price_drawdown,3,0.06463865700013775,0.006939541969620745,0.034780217801338095,0.09449709619893741
1000000,200000,20,0.05,0.0,shock_effect_crash,3,0.3333333333333333,0.33333333333333337,-1.100884243249821,1.7675509099164874
1000000,200000,20,0.05,0.0,shock_effect_ai_net_return,3,0.007653543019715918,0.003647589742917307,-0.00804076894465337,0.023347854984085207
1000000,200000,20,0.05,0.0,shock_effect_turnover,3,0.10258920765158012,0.028953950796373175,-0.021989587779466524,0.22716800308262677
1000000,200000,20,0.05,0.8,shock_effect_max_price_drawdown,3,0.06320042761420563,0.007268779197487808,0.031925394958188615,0.09447546027022266
1000000,200000,20,0.05,0.8,shock_effect_crash,3,0.3333333333333333,0.33333333333333337,-1.100884243249821,1.7675509099164874
1000000,200000,20,0.05,0.8,shock_effect_ai_net_return,3,0.009410597303601609,0.003573930285427619,-0.00596678359492781,0.02478797820213103
1000000,200000,20,0.05,0.8,shock_effect_turnover,3,0.18953641098457963,0.09577188196435697,-0.22253673838260418,0.6016095603517635
1000000,200000,60,0.01,0.0,shock_effect_max_price_drawdown,3,0.06597388450256665,0.006966105435154925,0.03600115193627475,0.09594661706885856
1000000,200000,60,0.01,0.0,shock_effect_crash,3,0.3333333333333333,0.33333333333333337,-1.100884243249821,1.7675509099164874
1000000,200000,60,0.01,0.0,shock_effect_ai_net_return,3,0.004797543572601241,0.0024003250026242693,-0.005530221352225956,0.01512530849742844
1000000,200000,60,0.01,0.0,shock_effect_turnover,3,0.047790482380827205,0.008265237824246105,0.012228034294306196,0.08335293046734821
1000000,200000,60,0.01,0.8,shock_effect_max_price_drawdown,3,0.06553225661157318,0.007431175384871351,0.03355848955660945,0.0975060236665369
1000000,200000,60,0.01,0.8,shock_effect_crash,3,0.3333333333333333,0.33333333333333337,-1.100884243249821,1.7675509099164874
1000000,200000,60,0.01,0.8,shock_effect_ai_net_return,3,0.005050030230996779,0.003462751395222731,-0.009848986512102063,0.019949046974095618
1000000,200000,60,0.01,0.8,shock_effect_turnover,3,0.053731768749067266,0.008353906974225847,0.01778780810234136,0.08967572939579317
1000000,200000,60,0.05,0.0,shock_effect_max_price_drawdown,3,0.06467404278794087,0.006694555167480872,0.035869696722120925,0.09347838885376081
1000000,200000,60,0.05,0.0,shock_effect_crash,3,0.3333333333333333,0.33333333333333337,-1.100884243249821,1.7675509099164874
1000000,200000,60,0.05,0.0,shock_effect_ai_net_return,3,0.007757954256300696,0.0033743347091997945,-0.006760636191326156,0.022276544703927547
1000000,200000,60,0.05,0.0,shock_effect_turnover,3,0.11451722942628262,0.037766251787555015,-0.04797783691984647,0.2770122957724117
1000000,200000,60,0.05,0.8,shock_effect_max_price_drawdown,3,0.06318746922136005,0.0076695571863073225,0.030188028057725247,0.09618691038499486
1000000,200000,60,0.05,0.8,shock_effect_crash,3,0.3333333333333333,0.33333333333333337,-1.100884243249821,1.7675509099164874
1000000,200000,60,0.05,0.8,shock_effect_ai_net_return,3,0.009359368413427624,0.0035597363055662923,-0.005956940718905448,0.024675677545760694
1000000,200000,60,0.05,0.8,shock_effect_turnover,3,0.17307146518567493,0.07741568509511038,-0.16002134361422646,0.5061642739855763
1000000,1000000,20,0.01,0.0,shock_effect_max_price_drawdown,3,0.06685161847207836,0.007281269892962412,0.035522842691081066,0.09818039425307566
1000000,1000000,20,0.01,0.0,shock_effect_crash,3,0.3333333333333333,0.33333333333333337,-1.100884243249821,1.7675509099164874
1000000,1000000,20,0.01,0.0,shock_effect_ai_net_return,3,0.005895283492359127,0.002711156375500451,-0.005769880887465547,0.0175604478721838
1000000,1000000,20,0.01,0.0,shock_effect_turnover,3,0.05793253851713979,0.005932583017533221,0.03240669400228517,0.0834583830319944
1000000,1000000,20,0.01,0.8,shock_effect_max_price_drawdown,3,0.06684320895979157,0.00731582583350486,0.03536575096689025,0.09832066695269288
1000000,1000000,20,0.01,0.8,shock_effect_crash,3,0.3333333333333333,0.33333333333333337,-1.100884243249821,1.7675509099164874
1000000,1000000,20,0.01,0.8,shock_effect_ai_net_return,3,0.006561527365824567,0.004006292642882878,-0.010676158610250633,0.023799213341899765
1000000,1000000,20,0.01,0.8,shock_effect_turnover,3,0.06960499922385506,0.004888676545887676,0.04857072173882928,0.09063927670888083
1000000,1000000,20,0.05,0.0,shock_effect_max_price_drawdown,3,0.06664176171425229,0.007156732449147483,0.035848827305841324,0.09743469612266326
1000000,1000000,20,0.05,0.0,shock_effect_crash,3,0.3333333333333333,0.33333333333333337,-1.100884243249821,1.7675509099164874
1000000,1000000,20,0.05,0.0,shock_effect_ai_net_return,3,0.01071944276254603,0.003959566283010251,-0.006317195913671957,0.02775608143876402
1000000,1000000,20,0.05,0.0,shock_effect_turnover,3,0.14625629522855185,0.01991415971485562,0.06057258157076155,0.23194000888634214
1000000,1000000,20,0.05,0.8,shock_effect_max_price_drawdown,3,0.06613481610032974,0.007470118267709813,0.033993491344216795,0.09827614085644269
1000000,1000000,20,0.05,0.8,shock_effect_crash,3,0.3333333333333333,0.33333333333333337,-1.100884243249821,1.7675509099164874
1000000,1000000,20,0.05,0.8,shock_effect_ai_net_return,3,0.012356375647883796,0.0036958570664511322,-0.0035456138478460065,0.0282583651436136
1000000,1000000,20,0.05,0.8,shock_effect_turnover,3,0.24704747087125378,0.055261584470808166,0.009276063597650569,0.484818878144857
1000000,1000000,60,0.01,0.0,shock_effect_max_price_drawdown,3,0.06690781762320297,0.007215848313738336,0.03586052817863866,0.09795510706776728
1000000,1000000,60,0.01,0.0,shock_effect_crash,3,0.3333333333333333,0.33333333333333337,-1.100884243249821,1.7675509099164874
1000000,1000000,60,0.01,0.0,shock_effect_ai_net_return,3,0.005760372395157069,0.002731724610311932,-0.00599328995632535,0.017514034746639488
1000000,1000000,60,0.01,0.0,shock_effect_turnover,3,0.05357964011353341,0.008439404963606194,0.01726781130941206,0.08989146891765476
1000000,1000000,60,0.01,0.8,shock_effect_max_price_drawdown,3,0.06682327872152301,0.007334477900955084,0.03526556735969151,0.0983809900833545
1000000,1000000,60,0.01,0.8,shock_effect_crash,3,0.3333333333333333,0.33333333333333337,-1.100884243249821,1.7675509099164874
1000000,1000000,60,0.01,0.8,shock_effect_ai_net_return,3,0.006221767238321907,0.003761794320489791,-0.009963927363489514,0.022407461840133328
1000000,1000000,60,0.01,0.8,shock_effect_turnover,3,0.06209220246481584,0.007435708018354829,0.030098933062021473,0.09408547186761021
1000000,1000000,60,0.05,0.0,shock_effect_max_price_drawdown,3,0.0667910862780896,0.0070574122651690056,0.03642549213039285,0.09715668042578636
1000000,1000000,60,0.05,0.0,shock_effect_crash,3,0.3333333333333333,0.33333333333333337,-1.100884243249821,1.7675509099164874
1000000,1000000,60,0.05,0.0,shock_effect_ai_net_return,3,0.011006519755954569,0.003810507550277435,-0.005388770956977571,0.02740181046888671
1000000,1000000,60,0.05,0.0,shock_effect_turnover,3,0.1835545025525119,0.029104638388553136,0.05832735074163278,0.308781654363391
1000000,1000000,60,0.05,0.8,shock_effect_max_price_drawdown,3,0.06623120887661653,0.00754029677391105,0.03378793037922709,0.09867448737400597
1000000,1000000,60,0.05,0.8,shock_effect_crash,3,0.3333333333333333,0.33333333333333337,-1.100884243249821,1.7675509099164874
1000000,1000000,60,0.05,0.8,shock_effect_ai_net_return,3,0.012302908855317263,0.0036886046304238835,-0.0035678759267425662,0.02817369363737709
1000000,1000000,60,0.05,0.8,shock_effect_turnover,3,0.2371124601869353,0.05182669543592376,0.014120187595663941,0.4601047327782066
5000000,200000,20,0.01,0.0,shock_effect_max_price_drawdown,3,0.0676307364847017,0.004467925274772903,0.04840680560488346,0.08685466736451995
5000000,200000,20,0.01,0.0,shock_effect_crash,3,0.3333333333333333,0.33333333333333337,-1.100884243249821,1.7675509099164874
5000000,200000,20,0.01,0.0,shock_effect_ai_net_return,3,0.0023227445035826446,0.0014868435755596998,-0.004074627065509748,0.008720116072675038
5000000,200000,20,0.01,0.0,shock_effect_turnover,3,0.022797836230762442,0.003876350399503283,0.0061192466028742246,0.03947642585865066
5000000,200000,20,0.01,0.8,shock_effect_max_price_drawdown,3,0.06716536667517962,0.004487384327044631,0.04785771025098609,0.08647302309937316
5000000,200000,20,0.01,0.8,shock_effect_crash,3,0.3333333333333333,0.33333333333333337,-1.100884243249821,1.7675509099164874
5000000,200000,20,0.01,0.8,shock_effect_ai_net_return,3,0.002837259084847036,0.002421571512983311,-0.007581922195774143,0.013256440365468214
5000000,200000,20,0.01,0.8,shock_effect_turnover,3,0.016363162689576383,0.0056267302107457316,-0.007846703411252504,0.040573028790405266
5000000,200000,20,0.05,0.0,shock_effect_max_price_drawdown,3,0.06714200478710171,0.0036088502137219727,0.051614375563773934,0.08266963401042948
5000000,200000,20,0.05,0.0,shock_effect_crash,3,0.3333333333333333,0.33333333333333337,-1.100884243249821,1.7675509099164874
5000000,200000,20,0.05,0.0,shock_effect_ai_net_return,3,0.001954618914854563,0.0020049270380219147,-0.00667188587823893,0.010581123707948057
5000000,200000,20,0.05,0.0,shock_effect_turnover,3,-0.0004086973951353823,1.917583933054418e-05,-0.0004912043725761853,-0.0003261904176945793
5000000,200000,20,0.05,0.8,shock_effect_max_price_drawdown,3,0.06604092137454191,0.005295426476869035,0.04325654018865378,0.08882530256043004
5000000,200000,20,0.05,0.8,shock_effect_crash,3,0.3333333333333333,0.33333333333333337,-1.100884243249821,1.7675509099164874
5000000,200000,20,0.05,0.8,shock_effect_ai_net_return,3,0.002213192346038747,0.002326239935939599,-0.007795810264383982,0.012222194956461476
5000000,200000,20,0.05,0.8,shock_effect_turnover,3,-0.0023429488217604857,0.0009251724401809583,-0.0063236445469940575,0.0016377469034730857
5000000,200000,60,0.01,0.0,shock_effect_max_price_drawdown,3,0.0679539034976669,0.0037286858606198504,0.051910663101092686,0.08399714389424112
5000000,200000,60,0.01,0.0,shock_effect_crash,3,0.3333333333333333,0.33333333333333337,-1.100884243249821,1.7675509099164874
5000000,200000,60,0.01,0.0,shock_effect_ai_net_return,3,0.002379295411203889,0.0015692513480150927,-0.004372648184996272,0.00913123900740405
5000000,200000,60,0.01,0.0,shock_effect_turnover,3,0.01973209377054171,0.004284630950724251,0.001296814714438977,0.03816737282664444
5000000,200000,60,0.01,0.8,shock_effect_max_price_drawdown,3,0.0672422314545826,0.0044804389990572725,0.047964458364812876,0.08652000454435231
5000000,200000,60,0.01,0.8,shock_effect_crash,3,0.3333333333333333,0.33333333333333337,-1.100884243249821,1.7675509099164874
5000000,200000,60,0.01,0.8,shock_effect_ai_net_return,3,0.002757090030989414,0.0021503800727594126,-0.006495248659067719,0.012009428721046548
5000000,200000,60,0.01,0.8,shock_effect_turnover,3,0.02055341966476439,0.0020597391506515963,0.01169107738564146,0.029415761943887318
5000000,200000,60,0.05,0.0,shock_effect_max_price_drawdown,3,0.06719912832793762,0.0038083370996299802,0.050813176310408534,0.0835850803454667
5000000,200000,60,0.05,0.0,shock_effect_crash,3,0.3333333333333333,0.33333333333333337,-1.100884243249821,1.7675509099164874
5000000,200000,60,0.05,0.0,shock_effect_ai_net_return,3,0.001904830390942062,0.0018539594686791238,-0.006072113377815032,0.009881774159699156
5000000,200000,60,0.05,0.0,shock_effect_turnover,3,-0.0003905305978021782,2.4960892259477933e-06,-0.0004012704029239007,-0.0003797907926804557
5000000,200000,60,0.05,0.8,shock_effect_max_price_drawdown,3,0.06597498315363799,0.00472895648644484,0.045627925618369675,0.08632204068890631
5000000,200000,60,0.05,0.8,shock_effect_crash,3,0.3333333333333333,0.33333333333333337,-1.100884243249821,1.7675509099164874
5000000,200000,60,0.05,0.8,shock_effect_ai_net_return,3,0.002601321649831808,0.0022114141407333686,-0.00691362543940118,0.012116268739064797
5000000,200000,60,0.05,0.8,shock_effect_turnover,3,-0.00036733583057394864,2.5901293931774795e-05,-0.00047878010361354265,-0.00025589155753435463
5000000,1000000,20,0.01,0.0,shock_effect_max_price_drawdown,3,0.06585834395765892,0.0072924221334571375,0.03448158395865418,0.09723510395666367
5000000,1000000,20,0.01,0.0,shock_effect_crash,3,0.3333333333333333,0.33333333333333337,-1.100884243249821,1.7675509099164874
5000000,1000000,20,0.01,0.0,shock_effect_ai_net_return,3,0.004808670806701924,0.0023339266450424093,-0.005233405043624801,0.014850746657028648
5000000,1000000,20,0.01,0.0,shock_effect_turnover,3,0.04781859108131462,0.005601778414695036,0.023716083893875414,0.07192109826875383
5000000,1000000,20,0.01,0.8,shock_effect_max_price_drawdown,3,0.06575064445776968,0.007285666755883885,0.03440295050252098,0.09709833841301838
5000000,1000000,20,0.01,0.8,shock_effect_crash,3,0.3333333333333333,0.33333333333333337,-1.100884243249821,1.7675509099164874
5000000,1000000,20,0.01,0.8,shock_effect_ai_net_return,3,0.0052875185932103426,0.0036817746626165455,-0.01055387920921914,0.021128916395639828
5000000,1000000,20,0.01,0.8,shock_effect_turnover,3,0.05903805337871574,0.00624423864708674,0.032171262918620894,0.08590484383881059
5000000,1000000,20,0.05,0.0,shock_effect_max_price_drawdown,3,0.06463865700013775,0.006939541969620745,0.034780217801338095,0.09449709619893741
5000000,1000000,20,0.05,0.0,shock_effect_crash,3,0.3333333333333333,0.33333333333333337,-1.100884243249821,1.7675509099164874
5000000,1000000,20,0.05,0.0,shock_effect_ai_net_return,3,0.007653543019716029,0.0036475897429174642,-0.008040768944653935,0.023347854984085994
5000000,1000000,20,0.05,0.0,shock_effect_turnover,3,0.10258920765158026,0.028953950796373498,-0.021989587779467773,0.2271680030826283
5000000,1000000,20,0.05,0.8,shock_effect_max_price_drawdown,3,0.06320042761420563,0.007268779197487808,0.031925394958188615,0.09447546027022266
5000000,1000000,20,0.05,0.8,shock_effect_crash,3,0.3333333333333333,0.33333333333333337,-1.100884243249821,1.7675509099164874
5000000,1000000,20,0.05,0.8,shock_effect_ai_net_return,3,0.009410597303601645,0.003573930285427564,-0.005966783594927536,0.024787978202130828
5000000,1000000,20,0.05,0.8,shock_effect_turnover,3,0.18953641098457963,0.09577188196435764,-0.222536738382607,0.6016095603517663
5000000,1000000,60,0.01,0.0,shock_effect_max_price_drawdown,3,0.06597388450256665,0.006966105435154925,0.03600115193627475,0.09594661706885856
5000000,1000000,60,0.01,0.0,shock_effect_crash,3,0.3333333333333333,0.33333333333333337,-1.100884243249821,1.7675509099164874
5000000,1000000,60,0.01,0.0,shock_effect_ai_net_return,3,0.004797543572601167,0.0024003250026243413,-0.005530221352226339,0.015125308497428672
5000000,1000000,60,0.01,0.0,shock_effect_turnover,3,0.047790482380827136,0.008265237824246154,0.012228034294305919,0.08335293046734835
5000000,1000000,60,0.01,0.8,shock_effect_max_price_drawdown,3,0.06553225661157318,0.007431175384871351,0.03355848955660945,0.0975060236665369
5000000,1000000,60,0.01,0.8,shock_effect_crash,3,0.3333333333333333,0.33333333333333337,-1.100884243249821,1.7675509099164874
5000000,1000000,60,0.01,0.8,shock_effect_ai_net_return,3,0.005050030230996483,0.003462751395222891,-0.009848986512103046,0.01994904697409601
5000000,1000000,60,0.01,0.8,shock_effect_turnover,3,0.05373176874906712,0.008353906974225922,0.017787808102340888,0.08967572939579335
5000000,1000000,60,0.05,0.0,shock_effect_max_price_drawdown,3,0.06467404278794087,0.006694555167480872,0.035869696722120925,0.09347838885376081
5000000,1000000,60,0.05,0.0,shock_effect_crash,3,0.3333333333333333,0.33333333333333337,-1.100884243249821,1.7675509099164874
5000000,1000000,60,0.05,0.0,shock_effect_ai_net_return,3,0.007757954256300918,0.0033743347092000326,-0.006760636191326959,0.022276544703928796
5000000,1000000,60,0.05,0.0,shock_effect_turnover,3,0.11451722942628277,0.037766251787555244,-0.04797783691984729,0.2770122957724128
5000000,1000000,60,0.05,0.8,shock_effect_max_price_drawdown,3,0.06318746922136005,0.0076695571863073225,0.030188028057725247,0.09618691038499486
5000000,1000000,60,0.05,0.8,shock_effect_crash,3,0.3333333333333333,0.33333333333333337,-1.100884243249821,1.7675509099164874
5000000,1000000,60,0.05,0.8,shock_effect_ai_net_return,3,0.009359368413427882,0.0035597363055662108,-0.005956940718904839,0.024675677545760603
5000000,1000000,60,0.05,0.8,shock_effect_turnover,3,0.17307146518567476,0.07741568509511024,-0.160021343614226,0.5061642739855755
