profile,shared_error,metric,n,mean,se,low95,high95
P0_reference_proxy,0.0,participation_effect_no_shock,20,-0.0006461983077619471,0.00014653871647245578,-0.0009529073662409161,-0.00033948924928297805
P0_reference_proxy,0.0,participation_shock_interaction,20,0.0016773874770121323,0.00019635665944799511,0.001266408265544218,0.0020883666884800468
P0_reference_proxy,0.9,participation_effect_no_shock,20,-0.0006461983077619471,0.00014653871647245578,-0.0009529073662409161,-0.00033948924928297805
P0_reference_proxy,0.9,participation_shock_interaction,20,0.0016773874770121323,0.00019635665944799511,0.001266408265544218,0.0020883666884800468
P1_low_noise,0.0,participation_effect_no_shock,20,5.548697679974568e-06,0.0001514543424744494,-0.00031144888426364205,0.0003225462796235912
P1_low_noise,0.0,participation_shock_interaction,20,0.0008477455148501623,0.00020408995803757523,0.00042058032341433496,0.0012749107062859895
P1_low_noise,0.9,participation_effect_no_shock,20,-6.301791955635184e-05,0.00020058378544353167,-0.00048284460741393877,0.00035680876830123515
P1_low_noise,0.9,participation_shock_interaction,20,0.0009906426536375023,0.00017028591860229883,0.0006342301298758756,0.001347055177399129
P2_high_noise,0.0,participation_effect_no_shock,20,0.001057384541482831,0.0001929236798729403,0.0006535906388437989,0.001461178444121863
P2_high_noise,0.0,participation_shock_interaction,20,3.822969370965157e-05,0.00029006686697745175,-0.0005688872362610101,0.0006453466236803132
P2_high_noise,0.9,participation_effect_no_shock,20,0.005796452567559812,0.0007330356784523015,0.0042621912598196305,0.007330713875299994
P2_high_noise,0.9,participation_shock_interaction,20,-0.0012087493749607437,0.00045479760206706293,-0.0021606516959743246,-0.0002568470539471631
P3_stronger_feedback,0.0,participation_effect_no_shock,20,0.0013348840885117174,0.00021215874157280582,0.0008908307390468387,0.0017789374379765961
P3_stronger_feedback,0.0,participation_shock_interaction,20,-0.00012337843903437173,0.00030773593782285324,-0.0007674771593035032,0.0005207202812347598
P3_stronger_feedback,0.9,participation_effect_no_shock,20,0.006164105468317621,0.0007220342377823728,0.0046528704405327465,0.007675340496102496
P3_stronger_feedback,0.9,participation_shock_interaction,20,-0.001709430690398367,0.0004525521027906007,-0.0026566331274121557,-0.0007622282533845783
P4_slow_adaptation,0.0,participation_effect_no_shock,20,0.0010982562520334804,0.00019615110973390598,0.0006877072610615314,0.0015088052430054294
P4_slow_adaptation,0.0,participation_shock_interaction,20,5.6231072599499665e-05,0.0003095047658605779,-0.0005915698473007014,0.0007040319924997007
P4_slow_adaptation,0.9,participation_effect_no_shock,20,0.0035233173534250928,0.000544359334365593,0.002383960172356211,0.004662674534493975
P4_slow_adaptation,0.9,participation_shock_interaction,20,-0.00039856980921555983,0.00032753219148341924,-0.0010841025645834245,0.00028696294615230487
P5_selective_proxy_gate,0.0,participation_effect_no_shock,20,-0.0004135691484223769,0.00014239023094607254,-0.0007115953269052611,-0.00011554296993949271
P5_selective_proxy_gate,0.0,participation_shock_interaction,20,0.002081382329788423,0.00024155899487809699,0.0015757935429498724,0.0025869711166269732
P5_selective_proxy_gate,0.9,participation_effect_no_shock,20,-0.00041612112384193376,0.0001813698285261889,-0.0007957325376911574,-3.650970999271013e-05
P5_selective_proxy_gate,0.9,participation_shock_interaction,20,0.0020313685476115893,0.00024062802580144749,0.0015277283014443765,0.0025350087937788023
