profile,shared_error,seed,participation_effect_no_shock,participation_shock_interaction
P0_reference_proxy,0.0,0,9.069657322346991e-05,0.000801563711150699
P0_reference_proxy,0.0,1,-9.185606055472917e-05,0.0017297236942541705
P0_reference_proxy,0.0,2,-0.0002620603800600474,0.001097613748141435
P0_reference_proxy,0.0,3,-0.0009383054115053024,0.002693113744795972
P0_reference_proxy,0.0,4,-0.0015413629883921365,0.003799214927492023
P0_reference_proxy,0.0,5,-0.0014296551131003365,0.0012880627718879767
P0_reference_proxy,0.0,6,-0.0006105873478088331,0.0015540066489458937
P0_reference_proxy,0.0,7,-0.0004168818402964236,0.0026548290842091093
P0_reference_proxy,0.0,8,-0.0008267076902352954,0.001346630254972836
P0_reference_proxy,0.0,9,2.6104836517326646e-05,0.0022404930866508632
P0_reference_proxy,0.0,10,-6.545069511354473e-05,0.00042886068172554026
P0_reference_proxy,0.0,11,-0.0002183756542534221,0.000646906545959558
P0_reference_proxy,0.0,12,-0.0018114240210110877,0.0020734096226904253
P0_reference_proxy,0.0,13,-0.0013507806979137227,0.0012773551659333027
P0_reference_proxy,0.0,14,-0.0007001353717084324,0.0027148493371772497
P0_reference_proxy,0.0,15,-0.0006694988034664506,0.0023913680480637245
P0_reference_proxy,0.0,16,-0.00028572696467266123,0.0007453448836551857
P0_reference_proxy,0.0,17,0.0007113625914919597,0.0020131457598102642
P0_reference_proxy,0.0,18,-0.00130142562638913,0.0012581193038572192
P0_reference_proxy,0.0,19,-0.0012318954899901424,0.0007931385188691964
P0_reference_proxy,0.9,0,9.069657322346991e-05,0.000801563711150699
P0_reference_proxy,0.9,1,-9.185606055472917e-05,0.0017297236942541705
P0_reference_proxy,0.9,2,-0.0002620603800600474,0.001097613748141435
P0_reference_proxy,0.9,3,-0.0009383054115053024,0.002693113744795972
P0_reference_proxy,0.9,4,-0.0015413629883921365,0.003799214927492023
P0_reference_proxy,0.9,5,-0.0014296551131003365,0.0012880627718879767
P0_reference_proxy,0.9,6,-0.0006105873478088331,0.0015540066489458937
P0_reference_proxy,0.9,7,-0.0004168818402964236,0.0026548290842091093
P0_reference_proxy,0.9,8,-0.0008267076902352954,0.001346630254972836
P0_reference_proxy,0.9,9,2.6104836517326646e-05,0.0022404930866508632
P0_reference_proxy,0.9,10,-6.545069511354473e-05,0.00042886068172554026
P0_reference_proxy,0.9,11,-0.0002183756542534221,0.000646906545959558
P0_reference_proxy,0.9,12,-0.0018114240210110877,0.0020734096226904253
P0_reference_proxy,0.9,13,-0.0013507806979137227,0.0012773551659333027
P0_reference_proxy,0.9,14,-0.0007001353717084324,0.0027148493371772497
P0_reference_proxy,0.9,15,-0.0006694988034664506,0.0023913680480637245
P0_reference_proxy,0.9,16,-0.00028572696467266123,0.0007453448836551857
P0_reference_proxy,0.9,17,0.0007113625914919597,0.0020131457598102642
P0_reference_proxy,0.9,18,-0.00130142562638913,0.0012581193038572192
P0_reference_proxy,0.9,19,-0.0012318954899901424,0.0007931385188691964
P1_low_noise,0.0,0,0.0004666037207056162,0.00019715667744546472
P1_low_noise,0.0,1,0.0002524920125315244,0.0006106426922999342
P1_low_noise,0.0,2,-0.00028443372226860664,0.0009097499431133249
P1_low_noise,0.0,3,-0.0002377650911979945,0.0012744518728526888
P1_low_noise,0.0,4,-0.00030163986016473743,0.0022040381762937766
P1_low_noise,0.0,5,-0.00036583045490046207,0.0002865955956335986
P1_low_noise,0.0,6,0.00032221530904741336,0.0009654085180211824
P1_low_noise,0.0,7,1.240003219038499e-05,0.0027873922934882334
P1_low_noise,0.0,8,0.0012490832407257013,-0.00045988754408454735
P1_low_noise,0.0,9,0.00038592712589491374,0.0014451541757173336
P1_low_noise,0.0,10,0.000161087819599115,0.0001026374368822136
P1_low_noise,0.0,11,0.0006230446072470475,-0.0005039024254206437
P1_low_noise,0.0,12,-0.000771220217144819,0.0006690172660170912
P1_low_noise,0.0,13,-0.0007831202534740456,0.00030397848348562295
P1_low_noise,0.0,14,-0.0005763396012806732,0.0024478468874641335
P1_low_noise,0.0,15,-0.0005427231723510451,0.0019351275857113492
P1_low_noise,0.0,16,0.0002521783953157719,0.00027360826806532845
P1_low_noise,0.0,17,0.0016937177281363125,0.0005011607916216576
P1_low_noise,0.0,18,-0.000855766988748119,0.0006130758059265107
P1_low_noise,0.0,19,-0.0005889366762638071,0.00039165779646899157
P1_low_noise,0.9,0,0.0005211810957508334,-4.682061081828781e-05
P1_low_noise,0.9,1,1.8925264986591195e-05,0.0013213461679962846
P1_low_noise,0.9,2,-0.00032644866951125895,0.0014555072925002133
P1_low_noise,0.9,3,7.949930551387485e-05,0.0010541265765754426
P1_low_noise,0.9,4,0.00035301587227642983,0.0018829929726071892
P1_low_noise,0.9,5,-0.0008504392191195365,0.0003650728158072214
P1_low_noise,0.9,6,-0.00013504793287699712,0.0009393147085152709
P1_low_noise,0.9,7,-0.000561531043418162,0.001951958311473434
P1_low_noise,0.9,8,0.0018212738880442059,-0.00025496797744739563
P1_low_noise,0.9,9,0.0015666466592288986,0.0015135050153085583
P1_low_noise,0.9,10,0.00018336898544202285,0.0003665364731705312
P1_low_noise,0.9,11,0.00010666594318387013,0.00019672265757841867
P1_low_noise,0.9,12,-0.0009255280258825271,0.0004916475001419673
P1_low_noise,0.9,13,-0.001375521837915894,0.0009730543088853905
P1_low_noise,0.9,14,-0.0007534254123509054,0.0025785433607804498
P1_low_noise,0.9,15,-0.0006222078481313842,0.001487827274206821
P1_low_noise,0.9,16,0.0001735388467601906,0.0009347088340843079
P1_low_noise,0.9,17,0.0014384958016619986,0.00036665899894294807
P1_low_noise,0.9,18,-0.0013304439685940528,0.0018958212334118096
P1_low_noise,0.9,19,-0.0006423760961752345,0.00033929715902947244
P2_high_noise,0.0,0,0.0025722413212876383,-0.0011123259854926015
P2_high_noise,0.0,1,0.001042874068617361,-0.000803660693758812
P2_high_noise,0.0,2,0.0019674822977981954,0.0009951767466440664
P2_high_noise,0.0,3,0.0002172848803735361,0.0005739519817733463
P2_high_noise,0.0,4,0.0018251046723788411,0.0008945570644653955
P2_high_noise,0.0,5,0.00014444769191646056,-6.746834708704075e-05
P2_high_noise,0.0,6,0.000674124213501881,0.0008267838269933048
P2_high_noise,0.0,7,0.0006315676656110103,0.004045560339531518
P2_high_noise,0.0,8,0.0020156479921321635,-0.0005436227938470095
P2_high_noise,0.0,9,0.0017982502630011776,-0.000549518286258821
P2_high_noise,0.0,10,-0.0010735857922024028,0.0005796184781566849
P2_high_noise,0.0,11,0.0014605359533181872,-0.0015388268837908115
P2_high_noise,0.0,12,0.0011478427493892829,-0.0017027645223374188
P2_high_noise,0.0,13,0.0005222013304506667,-3.687549688480285e-05
P2_high_noise,0.0,14,-2.980039175815019e-05,0.0009282026793583364
P2_high_noise,0.0,15,0.0009456637577907046,0.0005882913188224315
P2_high_noise,0.0,16,0.001708582521911195,-0.0010843708031228472
P2_high_noise,0.0,17,0.0016857511909974532,0.0003820959880357355
P2_high_noise,0.0,18,0.0007729401491229915,-0.0014818681042684245
P2_high_noise,0.0,19,0.001118534294018425,-0.00012834263273919788
P2_high_noise,0.9,0,0.009083235894003283,-0.004877137665087128
P2_high_noise,0.9,1,0.005338076134769332,0.0015983753179988902
P2_high_noise,0.9,2,0.010541363743662546,-0.005066535298440256
P2_high_noise,0.9,3,0.004106572154160437,-0.0016951829568251364
P2_high_noise,0.9,4,0.010999277623284343,-0.0003453450199577546
P2_high_noise,0.9,5,-0.000588879848529511,0.0008319763745210373
P2_high_noise,0.9,6,0.011867541893572864,-0.00483594375231422
P2_high_noise,0.9,7,0.004633269223927705,-0.0012696477422090569
P2_high_noise,0.9,8,0.008046424083541948,-0.001336277617951409
P2_high_noise,0.9,9,0.004484824573224744,-0.0014984849016040913
P2_high_noise,0.9,10,0.005650510464578207,-0.0013672230910397598
P2_high_noise,0.9,11,0.0034476229964683913,-0.0005563631443709083
P2_high_noise,0.9,12,0.004767100970694105,0.0010958521592626669
P2_high_noise,0.9,13,0.00011722119796486741,-0.001448966477118785
P2_high_noise,0.9,14,0.004010543882199125,0.0027031690645015205
P2_high_noise,0.9,15,0.005846423204641238,7.450671433262279e-06
P2_high_noise,0.9,16,0.004145725186364357,-0.0010382543756302098
P2_high_noise,0.9,17,0.0070812024065074475,-0.001076915217230856
P2_high_noise,0.9,18,0.00414267811157365,-0.0021910251728101127
P2_high_noise,0.9,19,0.008208317454587166,-0.0018085086543425666
P3_stronger_feedback,0.0,0,0.003085036651985562,-0.001419484511236191
P3_stronger_feedback,0.0,1,0.0008503241894559643,-0.00033410178753900954
P3_stronger_feedback,0.0,2,0.0020877556854550505,0.0006978667279108342
P3_stronger_feedback,0.0,3,0.000700693580893863,3.5727432237231405e-05
P3_stronger_feedback,0.0,4,0.002001932301150311,0.0007677173679532245
P3_stronger_feedback,0.0,5,0.0005683533293057152,-0.00013055111235860117
P3_stronger_feedback,0.0,6,0.001042887852899077,0.0005747624840768406
P3_stronger_feedback,0.0,7,0.001133779312299521,0.0041454504462332675
P3_stronger_feedback,0.0,8,0.002856507840656275,-0.0007324445453326112
P3_stronger_feedback,0.0,9,0.0023031087427979324,-0.0012646546936850855
P3_stronger_feedback,0.0,10,-0.0008571040562664889,0.0006413919820900116
P3_stronger_feedback,0.0,11,0.0014543193015904565,-0.0015199582462240846
P3_stronger_feedback,0.0,12,0.0016150861784218762,-0.0017897773909778536
P3_stronger_feedback,0.0,13,0.0005419485410314007,-3.724882026190368e-05
P3_stronger_feedback,0.0,14,9.740699162363864e-05,0.0004982809301932178
P3_stronger_feedback,0.0,15,0.0008749888622268109,0.0005934187097825783
P3_stronger_feedback,0.0,16,0.0023461751916729057,-0.0017052440539085945
P3_stronger_feedback,0.0,17,0.0015816290778614128,0.00044005001975444547
P3_stronger_feedback,0.0,18,0.001063861490484208,-0.0019468305162422261
P3_stronger_feedback,0.0,19,0.0013489907046888572,1.8060796847074734e-05
P3_stronger_feedback,0.9,0,0.009058428684489916,-0.005428012985561392
P3_stronger_feedback,0.9,1,0.00538476644840713,0.0014578539681859848
P3_stronger_feedback,0.9,2,0.010962227459535234,-0.005214461306263574
P3_stronger_feedback,0.9,3,0.005366497720606156,-0.0033684084132582504
P3_stronger_feedback,0.9,4,0.0119686719971549,-0.0017687297836826987
P3_stronger_feedback,0.9,5,0.0006872783429280327,0.0007858149908688272
P3_stronger_feedback,0.9,6,0.012438566711887478,-0.00544653764215175
P3_stronger_feedback,0.9,7,0.005198007596027732,-0.0015938411648173112
P3_stronger_feedback,0.9,8,0.007521020592364924,-0.0014754271877338576
P3_stronger_feedback,0.9,9,0.00467449368022177,-0.0011797410236759065
P3_stronger_feedback,0.9,10,0.005345138537229732,-0.0015885544987608302
P3_stronger_feedback,0.9,11,0.00500388014402553,-0.0021260949015856623
P3_stronger_feedback,0.9,12,0.005445162519965296,0.00039997342232611643
P3_stronger_feedback,0.9,13,0.00027137277055711007,-0.0023008495376787286
P3_stronger_feedback,0.9,14,0.004355343245270538,0.0016772100102226961
P3_stronger_feedback,0.9,15,0.005921848410635477,-0.0005675251593239006
P3_stronger_feedback,0.9,16,0.003923384465416624,-0.0014942177941191792
P3_stronger_feedback,0.9,17,0.007699120034225904,-0.0019981965486445263
P3_stronger_feedback,0.9,18,0.003859249928522268,-0.001919610733803312
P3_stronger_feedback,0.9,19,0.00819765007688067,-0.0010392575185100839
P4_slow_adaptation,0.0,0,0.0021966670132572697,-0.0007302601613268234
P4_slow_adaptation,0.0,1,0.0008206403989613476,0.00010874920681547273
P4_slow_adaptation,0.0,2,0.0015359506007235346,0.00042305648824714215
P4_slow_adaptation,0.0,3,0.0009699407965300111,-0.0002653372857217562
P4_slow_adaptation,0.0,4,0.002001085558997584,0.0014067203250668348
P4_slow_adaptation,0.0,5,-0.00010124858813398419,-0.0004067321488672171
P4_slow_adaptation,0.0,6,0.0004085811066792955,0.0014070019793508415
P4_slow_adaptation,0.0,7,0.001422263091348852,0.0038776035697241085
P4_slow_adaptation,0.0,8,0.0030086198307024414,-0.001026862977639209
P4_slow_adaptation,0.0,9,0.0015234942995454581,0.0001968143687808288
P4_slow_adaptation,0.0,10,-0.0003071337206786984,0.0002590661082578771
P4_slow_adaptation,0.0,11,0.0015438730928973854,-0.001854428620490567
P4_slow_adaptation,0.0,12,0.001728766517858471,-0.002017747513035517
P4_slow_adaptation,0.0,13,0.0006501793501003661,-0.00029049582709306243
P4_slow_adaptation,0.0,14,3.922931519084738e-05,0.0008788233471199725
P4_slow_adaptation,0.0,15,0.0002325452431457542,0.0010627316912026341
P4_slow_adaptation,0.0,16,0.0021891198329070383,-0.0020661623587173716
P4_slow_adaptation,0.0,17,0.001024699603353385,0.0009243938366012561
P4_slow_adaptation,0.0,18,0.0005419900249634679,-0.0008500343769923813
P4_slow_adaptation,0.0,19,0.0005358616723197818,8.772180070693025e-05
P4_slow_adaptation,0.9,0,0.005344711726996021,-0.002990296690262295
P4_slow_adaptation,0.9,1,0.002408643632472174,0.002118940268711178
P4_slow_adaptation,0.9,2,0.004768790796821798,-0.0006922224694663193
P4_slow_adaptation,0.9,3,0.0013011424714555186,0.0006622135960941966
P4_slow_adaptation,0.9,4,0.00702511383808524,-0.0009688104363266836
P4_slow_adaptation,0.9,5,0.00022571278465977063,0.000501668867674443
P4_slow_adaptation,0.9,6,0.007784657824723817,-0.002482510840209007
P4_slow_adaptation,0.9,7,0.002900579998662889,0.0027474128189322045
P4_slow_adaptation,0.9,8,0.0062390293901049,-0.0005289492293925058
P4_slow_adaptation,0.9,9,0.004551145826830805,-0.0026555861930052105
P4_slow_adaptation,0.9,10,0.0006724862597670134,-1.0562381186796088e-05
P4_slow_adaptation,0.9,11,0.00454133695452108,-0.0013991887147501991
P4_slow_adaptation,0.9,12,0.002939919691005821,0.00023530317532449718
P4_slow_adaptation,0.9,13,-0.0018644863727103056,-0.0006602667982279486
P4_slow_adaptation,0.9,14,0.004398892553404865,0.0011383387848020732
P4_slow_adaptation,0.9,15,0.0037785011829110093,0.0003373858436114263
P4_slow_adaptation,0.9,16,0.004459053989853801,-0.0012461842726319006
P4_slow_adaptation,0.9,17,0.00336798365695401,-0.00036373140392720327
P4_slow_adaptation,0.9,18,0.0005573602232775698,-0.0012732027489166242
P4_slow_adaptation,0.9,19,0.005065770638704059,-0.0004411473611585226
P5_selective_proxy_gate,0.0,0,0.0002878213322405898,0.001168022353047804
P5_selective_proxy_gate,0.0,1,0.00015363572027271566,0.0018928723660810443
P5_selective_proxy_gate,0.0,2,-0.00023249495507682294,0.0014430270902875408
P5_selective_proxy_gate,0.0,3,-0.0006707359937760948,0.0025877456456081527
P5_selective_proxy_gate,0.0,4,-0.0012335351867572841,0.00459975974468374
P5_selective_proxy_gate,0.0,5,-0.0010664052508836397,0.0018438335492275693
P5_selective_proxy_gate,0.0,6,-9.089649652682663e-05,0.002231635828519707
P5_selective_proxy_gate,0.0,7,-0.0007525020795713377,0.0017042673624715343
P5_selective_proxy_gate,0.0,8,-0.00019052966029320384,0.001732041370193782
P5_selective_proxy_gate,0.0,9,3.753883792101398e-05,0.0031005208037457876
P5_selective_proxy_gate,0.0,10,0.0002480461213296703,0.0010594536892551965
P5_selective_proxy_gate,0.0,11,0.00013119806532313483,0.0006417676941202766
P5_selective_proxy_gate,0.0,12,-0.001239142103399038,0.0020560254602874917
P5_selective_proxy_gate,0.0,13,-0.0014198531695226446,0.0014636440946970142
P5_selective_proxy_gate,0.0,14,-0.000699379820058077,0.0031747297784540107
P5_selective_proxy_gate,0.0,15,-0.0005556252214907742,0.002897240647933952
P5_selective_proxy_gate,0.0,16,-0.0001841108515719947,0.001116275926437038
P5_selective_proxy_gate,0.0,17,0.0010404682835321033,0.004381771644720089
P5_selective_proxy_gate,0.0,18,-0.0008282177220790832,0.0013118810801237002
P5_selective_proxy_gate,0.0,19,-0.0010066628180599446,0.0012211304658730215
P5_selective_proxy_gate,0.9,0,-0.00021420301070451675,0.0006495252670396523
P5_selective_proxy_gate,0.9,1,-0.00012865814960838495,0.0011972867494258743
P5_selective_proxy_gate,0.9,2,-0.0002347914948984675,0.001238078899894468
P5_selective_proxy_gate,0.9,3,-0.00013193006013378916,0.002433017277898575
P5_selective_proxy_gate,0.9,4,-0.0010948377829941291,0.004156681238558724
P5_selective_proxy_gate,0.9,5,-0.0013190890603301808,0.001788670390069469
P5_selective_proxy_gate,0.9,6,-0.00040667781837200323,0.002174239887432594
P5_selective_proxy_gate,0.9,7,-0.0007900449364884876,0.0018462520461492993
P5_selective_proxy_gate,0.9,8,0.0010730268469572035,0.0015463551308326773
P5_selective_proxy_gate,0.9,9,0.0009336142813701764,0.0021958590421627955
P5_selective_proxy_gate,0.9,10,4.449922057614408e-06,0.0013082012243247343
P5_selective_proxy_gate,0.9,11,-0.0004089920151993942,0.0008562287019534542
P5_selective_proxy_gate,0.9,12,-0.0018114240210110877,0.002615428819853216
P5_selective_proxy_gate,0.9,13,-0.0013091974141919982,0.001455678813042205
P5_selective_proxy_gate,0.9,14,-0.0005527860659115813,0.003180807382606732
P5_selective_proxy_gate,0.9,15,-0.0006400786774476419,0.0031280711354394475
P5_selective_proxy_gate,0.9,16,-1.718472881784283e-05,0.0017683282643764509
P5_selective_proxy_gate,0.9,17,0.0011329446280582411,0.0047015810050665685
P5_selective_proxy_gate,0.9,18,-0.0013022094000821882,0.0012659340810903252
P5_selective_proxy_gate,0.9,19,-0.0011043535190902176,0.0011211455950145277
