profile,adaptive_share,shared_error,metric,n,mean,se,low95,high95
P0_reference_proxy,0.25,0.0,shock_effect_max_price_drawdown,20,0.06537696345188412,0.0015959420336385476,0.06203661838603733,0.06871730851773092
P0_reference_proxy,0.25,0.0,shock_effect_crash,20,0.1,0.06882472016116853,-0.04405179483524621,0.24405179483524622
P0_reference_proxy,0.25,0.0,shock_effect_ai_net_return,20,0.006381036890832803,0.0004448189837253537,0.00545002005803818,0.007312053723627426
P0_reference_proxy,0.25,0.0,shock_effect_turnover,20,0.12622437329556702,0.006394620463797366,0.11284027884602751,0.13960846774510652
P0_reference_proxy,0.25,0.9,shock_effect_max_price_drawdown,20,0.06537696345188412,0.0015959420336385476,0.06203661838603733,0.06871730851773092
P0_reference_proxy,0.25,0.9,shock_effect_crash,20,0.1,0.06882472016116853,-0.04405179483524621,0.24405179483524622
P0_reference_proxy,0.25,0.9,shock_effect_ai_net_return,20,0.006381036890832803,0.0004448189837253537,0.00545002005803818,0.007312053723627426
P0_reference_proxy,0.25,0.9,shock_effect_turnover,20,0.12622437329556702,0.006394620463797366,0.11284027884602751,0.13960846774510652
P0_reference_proxy,0.75,0.0,shock_effect_max_price_drawdown,20,0.06705435092889625,0.001584906406040512,0.06373710369706764,0.07037159816072486
P0_reference_proxy,0.75,0.0,shock_effect_crash,20,0.05,0.04999999999999999,-0.05465120272041542,0.15465120272041544
P0_reference_proxy,0.75,0.0,shock_effect_ai_net_return,20,0.006344098942453491,0.0004772964814911877,0.005345105925607985,0.007343091959298997
P0_reference_proxy,0.75,0.0,shock_effect_turnover,20,0.3060820906198082,0.018940482690658414,0.2664392047461559,0.34572497649346046
P0_reference_proxy,0.75,0.9,shock_effect_max_price_drawdown,20,0.06705435092889625,0.001584906406040512,0.06373710369706764,0.07037159816072486
P0_reference_proxy,0.75,0.9,shock_effect_crash,20,0.05,0.04999999999999999,-0.05465120272041542,0.15465120272041544
P0_reference_proxy,0.75,0.9,shock_effect_ai_net_return,20,0.006344098942453491,0.0004772964814911877,0.005345105925607985,0.007343091959298997
P0_reference_proxy,0.75,0.9,shock_effect_turnover,20,0.3060820906198082,0.018940482690658414,0.2664392047461559,0.34572497649346046
P1_low_noise,0.25,0.0,shock_effect_max_price_drawdown,20,0.0651158203361624,0.0015873633286053717,0.06179343070630571,0.06843820996601908
P1_low_noise,0.25,0.0,shock_effect_crash,20,0.1,0.06882472016116853,-0.04405179483524621,0.24405179483524622
P1_low_noise,0.25,0.0,shock_effect_ai_net_return,20,0.0065889536408055725,0.0005345669917650379,0.005470092068348659,0.007707815213262486
P1_low_noise,0.25,0.0,shock_effect_turnover,20,0.14096901956161084,0.007613750955444156,0.125033255667592,0.1569047834556297
P1_low_noise,0.25,0.9,shock_effect_max_price_drawdown,20,0.06507896760022722,0.0016052300903184819,0.06171918240833061,0.06843875279212382
P1_low_noise,0.25,0.9,shock_effect_crash,20,0.05,0.04999999999999999,-0.05465120272041542,0.15465120272041544
P1_low_noise,0.25,0.9,shock_effect_ai_net_return,20,0.006706775577168372,0.0005088273583062229,0.005641787676692412,0.007771763477644332
P1_low_noise,0.25,0.9,shock_effect_turnover,20,0.144043641254687,0.009010111914187576,0.12518526028538152,0.16290202222399247
P1_low_noise,0.75,0.0,shock_effect_max_price_drawdown,20,0.06596356585101255,0.001568911137305721,0.06267979710140259,0.06924733460062252
P1_low_noise,0.75,0.0,shock_effect_crash,20,0.1,0.06882472016116853,-0.04405179483524621,0.24405179483524622
P1_low_noise,0.75,0.0,shock_effect_ai_net_return,20,0.006667218245884066,0.000544572788832063,0.005527414299482341,0.00780702219228579
P1_low_noise,0.75,0.0,shock_effect_turnover,20,0.318772879287308,0.01989564478584151,0.2771308161725785,0.36041494240203753
P1_low_noise,0.75,0.9,shock_effect_max_price_drawdown,20,0.06606961025386474,0.001593048739101017,0.06273532092308148,0.06940389958464799
P1_low_noise,0.75,0.9,shock_effect_crash,20,0.05,0.04999999999999999,-0.05465120272041542,0.15465120272041544
P1_low_noise,0.75,0.9,shock_effect_ai_net_return,20,0.006651071282531623,0.0005365605451904879,0.005528037154801496,0.00777410541026175
P1_low_noise,0.75,0.9,shock_effect_turnover,20,0.3260804701681928,0.025925439683463582,0.2718179012895918,0.3803430390467938
P2_high_noise,0.25,0.0,shock_effect_max_price_drawdown,20,0.06483000133571604,0.0016243297987385155,0.06143023999466412,0.06822976267676796
P2_high_noise,0.25,0.0,shock_effect_crash,20,0.05,0.04999999999999999,-0.05465120272041542,0.15465120272041544
P2_high_noise,0.25,0.0,shock_effect_ai_net_return,20,0.007022738878307877,0.0008113784056985788,0.0053245043579532875,0.008720973398662466
P2_high_noise,0.25,0.0,shock_effect_turnover,20,0.04107801999217834,0.002673869651503322,0.03548154649322952,0.04667449349112716
P2_high_noise,0.25,0.9,shock_effect_max_price_drawdown,20,0.06444014846910272,0.0016558108725312618,0.06097449648334398,0.06790580045486146
P2_high_noise,0.25,0.9,shock_effect_crash,20,0.05,0.04999999999999999,-0.05465120272041542,0.15465120272041544
P2_high_noise,0.25,0.9,shock_effect_ai_net_return,20,0.007534096760298092,0.000943893599903432,0.005558504750898157,0.009509688769698028
P2_high_noise,0.25,0.9,shock_effect_turnover,20,0.046888263867182624,0.0033260913935079716,0.03992667457340999,0.05384985316095526
P2_high_noise,0.75,0.0,shock_effect_max_price_drawdown,20,0.06486823102942567,0.0016629232013221302,0.06138769276842478,0.06834876929042656
P2_high_noise,0.75,0.0,shock_effect_crash,20,0.05,0.04999999999999999,-0.05465120272041542,0.15465120272041544
P2_high_noise,0.75,0.0,shock_effect_ai_net_return,20,0.006991027284970364,0.0007586669889558653,0.005403119027800215,0.008578935542140512
P2_high_noise,0.75,0.0,shock_effect_turnover,20,0.037706799258163705,0.0053395543012322855,0.026530983665865183,0.048882614850462226
P2_high_noise,0.75,0.9,shock_effect_max_price_drawdown,20,0.06323139909414197,0.0018003894188326488,0.059463140733223036,0.0669996574550609
P2_high_noise,0.75,0.9,shock_effect_crash,20,0.1,0.06882472016116853,-0.04405179483524621,0.24405179483524622
P2_high_noise,0.75,0.9,shock_effect_ai_net_return,20,0.007572012362426317,0.0008309225835561442,0.00583287140769221,0.009311153317160424
P2_high_noise,0.75,0.9,shock_effect_turnover,20,0.05065252370019844,0.00807969762635051,0.033741522215901106,0.06756352518449577
P3_stronger_feedback,0.25,0.0,shock_effect_max_price_drawdown,20,0.06480563312315572,0.0016322436101323056,0.06138930798449455,0.0682219582618169
P3_stronger_feedback,0.25,0.0,shock_effect_crash,20,0.05,0.04999999999999999,-0.05465120272041542,0.15465120272041544
P3_stronger_feedback,0.25,0.0,shock_effect_ai_net_return,20,0.007350083853774181,0.0008630962444635332,0.005543602652842532,0.00915656505470583
P3_stronger_feedback,0.25,0.0,shock_effect_turnover,20,0.043365386914202574,0.0027057305571935282,0.03770222777324892,0.049028546055156226
P3_stronger_feedback,0.25,0.9,shock_effect_max_price_drawdown,20,0.06434011944502327,0.0016649260998050945,0.060855389069319,0.06782484982072753
P3_stronger_feedback,0.25,0.9,shock_effect_crash,20,0.05,0.04999999999999999,-0.05465120272041542,0.15465120272041544
P3_stronger_feedback,0.25,0.9,shock_effect_ai_net_return,20,0.007890337064724445,0.0009677799380618124,0.005864750374987289,0.009915923754461601
P3_stronger_feedback,0.25,0.9,shock_effect_turnover,20,0.048866985991075765,0.003159971026746636,0.04225309062086174,0.05548088136128979
P3_stronger_feedback,0.75,0.0,shock_effect_max_price_drawdown,20,0.06468225468412134,0.0016952521863633156,0.06113405107977464,0.06823045828846803
P3_stronger_feedback,0.75,0.0,shock_effect_crash,20,0.1,0.06882472016116853,-0.04405179483524621,0.24405179483524622
P3_stronger_feedback,0.75,0.0,shock_effect_ai_net_return,20,0.007332628752595072,0.0007975512440535224,0.005663334814167778,0.009001922691022367
P3_stronger_feedback,0.75,0.0,shock_effect_turnover,20,0.04317989366292966,0.005535306317043314,0.03159436439283974,0.05476542293301958
P3_stronger_feedback,0.75,0.9,shock_effect_max_price_drawdown,20,0.06263068875462492,0.0017984071015902123,0.05886657943137788,0.06639479807787196
P3_stronger_feedback,0.75,0.9,shock_effect_crash,20,0.15,0.08191780219091253,-0.021455930469841594,0.32145593046984156
P3_stronger_feedback,0.75,0.9,shock_effect_ai_net_return,20,0.007973959954303372,0.0008696963637953626,0.006153664544848238,0.009794255363758504
P3_stronger_feedback,0.75,0.9,shock_effect_turnover,20,0.057264012897628225,0.007326584126632234,0.04192929608394087,0.07259872971131558
P4_slow_adaptation,0.25,0.0,shock_effect_max_price_drawdown,20,0.06465926768314141,0.0016181153847746102,0.061272513259999994,0.06804602210628283
P4_slow_adaptation,0.25,0.0,shock_effect_crash,20,0.05,0.04999999999999999,-0.05465120272041542,0.15465120272041544
P4_slow_adaptation,0.25,0.0,shock_effect_ai_net_return,20,0.007560804361958978,0.0008220782395468911,0.0058401748319817,0.009281433891936258
P4_slow_adaptation,0.25,0.0,shock_effect_turnover,20,0.08395046751316336,0.005404257675269414,0.07263922620260375,0.09526170882372297
P4_slow_adaptation,0.25,0.9,shock_effect_max_price_drawdown,20,0.06439278538699189,0.0016266751411264995,0.060988115187906096,0.06779745558607768
P4_slow_adaptation,0.25,0.9,shock_effect_crash,20,0.1,0.06882472016116853,-0.04405179483524621,0.24405179483524622
P4_slow_adaptation,0.25,0.9,shock_effect_ai_net_return,20,0.007711516308679267,0.0008665623930780058,0.005897780375321373,0.00952525224203716
P4_slow_adaptation,0.25,0.9,shock_effect_turnover,20,0.09301974014617405,0.006368305104200906,0.07969072437727034,0.10634875591507775
P4_slow_adaptation,0.75,0.0,shock_effect_max_price_drawdown,20,0.06471549875574092,0.001673677086643326,0.06121245235408442,0.06821854515739742
P4_slow_adaptation,0.75,0.0,shock_effect_crash,20,0.05,0.04999999999999999,-0.05465120272041542,0.15465120272041544
P4_slow_adaptation,0.75,0.0,shock_effect_ai_net_return,20,0.007416846351813283,0.0007604179334977601,0.005825273325599014,0.009008419378027552
P4_slow_adaptation,0.75,0.0,shock_effect_turnover,20,0.1544572067993077,0.012760187631838175,0.127749827147107,0.18116458645150837
P4_slow_adaptation,0.75,0.9,shock_effect_max_price_drawdown,20,0.06399421557777632,0.001734447314080119,0.06036397562830275,0.0676244555272499
P4_slow_adaptation,0.75,0.9,shock_effect_crash,20,0.15,0.08191780219091253,-0.021455930469841594,0.32145593046984156
P4_slow_adaptation,0.75,0.9,shock_effect_ai_net_return,20,0.007702568473023486,0.0007680306723100231,0.006095061801355222,0.00931007514469175
P4_slow_adaptation,0.75,0.9,shock_effect_turnover,20,0.1713872882842706,0.015103320636284329,0.1397756748910861,0.2029989016774551
P5_selective_proxy_gate,0.25,0.0,shock_effect_max_price_drawdown,20,0.06577304470238748,0.001602592732331051,0.06241877956419866,0.06912730984057631
P5_selective_proxy_gate,0.25,0.0,shock_effect_crash,20,0.1,0.06882472016116853,-0.04405179483524621,0.24405179483524622
P5_selective_proxy_gate,0.25,0.0,shock_effect_ai_net_return,20,0.007027160556670037,0.0007012487905335309,0.005559429969958623,0.00849489114338145
P5_selective_proxy_gate,0.25,0.0,shock_effect_turnover,20,0.06995476224637213,0.002870157781688866,0.06394745296935014,0.07596207152339413
P5_selective_proxy_gate,0.25,0.9,shock_effect_max_price_drawdown,20,0.06580104192161187,0.0016140515746827099,0.06242279315074535,0.0691792906924784
P5_selective_proxy_gate,0.25,0.9,shock_effect_crash,20,0.1,0.06882472016116853,-0.04405179483524621,0.24405179483524622
P5_selective_proxy_gate,0.25,0.9,shock_effect_ai_net_return,20,0.007158247285281749,0.0006858196380847818,0.0057228102857847,0.008593684284778799
P5_selective_proxy_gate,0.25,0.9,shock_effect_turnover,20,0.07085656057507302,0.0033721422053093627,0.06379858582447503,0.077914535325671
P5_selective_proxy_gate,0.75,0.0,shock_effect_max_price_drawdown,20,0.06785442703217588,0.001579893013408826,0.06454767295171958,0.07116118111263219
P5_selective_proxy_gate,0.75,0.0,shock_effect_crash,20,0.1,0.06882472016116853,-0.04405179483524621,0.24405179483524622
P5_selective_proxy_gate,0.75,0.0,shock_effect_ai_net_return,20,0.007196421641229983,0.0007108925927880577,0.005708506344423887,0.008684336938036078
P5_selective_proxy_gate,0.75,0.0,shock_effect_turnover,20,0.12222186848932101,0.005451154580038935,0.1108124708290015,0.13363126614964052
P5_selective_proxy_gate,0.75,0.9,shock_effect_max_price_drawdown,20,0.06783241046922346,0.001584288995804297,0.06451645549187068,0.07114836544657624
P5_selective_proxy_gate,0.75,0.9,shock_effect_crash,20,0.1,0.06882472016116853,-0.04405179483524621,0.24405179483524622
P5_selective_proxy_gate,0.75,0.9,shock_effect_ai_net_return,20,0.007237016435603943,0.0006953082373708056,0.0057817195695586045,0.008692313301649282
P5_selective_proxy_gate,0.75,0.9,shock_effect_turnover,20,0.12458039322107546,0.00718063472051566,0.1095511520251167,0.13960963441703422
