profile,adaptive_share,shared_error,seed,shock_effect_max_price_drawdown,shock_effect_crash,shock_effect_ai_net_return,shock_effect_turnover
P0_reference_proxy,0.25,0.0,0,0.06783759369691178,0,0.006063646275058732,0.10194403769080496
P0_reference_proxy,0.25,0.0,1,0.07030915223401402,0,0.007444013356751045,0.15794848652218185
P0_reference_proxy,0.25,0.0,2,0.050146776485411326,0,0.002766934441326363,0.05001478773114898
P0_reference_proxy,0.25,0.0,3,0.07040851773102319,0,0.006213029987390817,0.1247490321588065
P0_reference_proxy,0.25,0.0,4,0.06511449088240706,0,0.005663528368732296,0.1315887953370849
P0_reference_proxy,0.25,0.0,5,0.07124475585966472,1,0.008646108529537289,0.15748624882330464
P0_reference_proxy,0.25,0.0,6,0.070946266522809,0,0.008496792163824596,0.158626106567197
P0_reference_proxy,0.25,0.0,7,0.06261761503583363,0,0.00578603690835422,0.11418192596469656
P0_reference_proxy,0.25,0.0,8,0.07151904380069773,0,0.007750245085615726,0.15700630648434144
P0_reference_proxy,0.25,0.0,9,0.05111356943328049,0,0.003330526630110686,0.10386246870416804
P0_reference_proxy,0.25,0.0,10,0.07015522163666521,1,0.011515514642537195,0.1792051055512065
P0_reference_proxy,0.25,0.0,11,0.06358207486980105,0,0.005724243036536514,0.1276042520147782
P0_reference_proxy,0.25,0.0,12,0.055628482032151316,0,0.004375480833813228,0.09550179384346369
P0_reference_proxy,0.25,0.0,13,0.07259205940023217,0,0.0076797261960681595,0.13336722110664012
P0_reference_proxy,0.25,0.0,14,0.06730441820063138,0,0.005925779285954613,0.13681388371678538
P0_reference_proxy,0.25,0.0,15,0.06737871664216732,0,0.0063352829591760695,0.13047906548216992
P0_reference_proxy,0.25,0.0,16,0.05737483110417463,0,0.004585640330634133,0.11455218388057986
P0_reference_proxy,0.25,0.0,17,0.059012705598640025,0,0.005073925949041547,0.11130263408590335
P0_reference_proxy,0.25,0.0,18,0.07272144520210266,0,0.006638088054724323,0.1124034349430112
P0_reference_proxy,0.25,0.0,19,0.07053153266906376,0,0.007606194781468512,0.12584969530306744
P0_reference_proxy,0.25,0.9,0,0.06783759369691178,0,0.006063646275058732,0.10194403769080496
P0_reference_proxy,0.25,0.9,1,0.07030915223401402,0,0.007444013356751045,0.15794848652218185
P0_reference_proxy,0.25,0.9,2,0.050146776485411326,0,0.002766934441326363,0.05001478773114898
P0_reference_proxy,0.25,0.9,3,0.07040851773102319,0,0.006213029987390817,0.1247490321588065
P0_reference_proxy,0.25,0.9,4,0.06511449088240706,0,0.005663528368732296,0.1315887953370849
P0_reference_proxy,0.25,0.9,5,0.07124475585966472,1,0.008646108529537289,0.15748624882330464
P0_reference_proxy,0.25,0.9,6,0.070946266522809,0,0.008496792163824596,0.158626106567197
P0_reference_proxy,0.25,0.9,7,0.06261761503583363,0,0.00578603690835422,0.11418192596469656
P0_reference_proxy,0.25,0.9,8,0.07151904380069773,0,0.007750245085615726,0.15700630648434144
P0_reference_proxy,0.25,0.9,9,0.05111356943328049,0,0.003330526630110686,0.10386246870416804
P0_reference_proxy,0.25,0.9,10,0.07015522163666521,1,0.011515514642537195,0.1792051055512065
P0_reference_proxy,0.25,0.9,11,0.06358207486980105,0,0.005724243036536514,0.1276042520147782
P0_reference_proxy,0.25,0.9,12,0.055628482032151316,0,0.004375480833813228,0.09550179384346369
P0_reference_proxy,0.25,0.9,13,0.07259205940023217,0,0.0076797261960681595,0.13336722110664012
P0_reference_proxy,0.25,0.9,14,0.06730441820063138,0,0.005925779285954613,0.13681388371678538
P0_reference_proxy,0.25,0.9,15,0.06737871664216732,0,0.0063352829591760695,0.13047906548216992
P0_reference_proxy,0.25,0.9,16,0.05737483110417463,0,0.004585640330634133,0.11455218388057986
P0_reference_proxy,0.25,0.9,17,0.059012705598640025,0,0.005073925949041547,0.11130263408590335
P0_reference_proxy,0.25,0.9,18,0.07272144520210266,0,0.006638088054724323,0.1124034349430112
P0_reference_proxy,0.25,0.9,19,0.07053153266906376,0,0.007606194781468512,0.12584969530306744
P0_reference_proxy,0.75,0.0,0,0.06863915740806248,0,0.006101241411913483,0.27873348853164914
P0_reference_proxy,0.75,0.0,1,0.07203887592826819,0,0.007736392151265203,0.34595597692042934
P0_reference_proxy,0.75,0.0,2,0.05124439023355276,0,0.0020844760325287037,0.08357933410896101
P0_reference_proxy,0.75,0.0,3,0.07310163147581916,0,0.006879801937071717,0.27750232652215995
P0_reference_proxy,0.75,0.0,4,0.06891370580989908,0,0.005767930917029762,0.32409866825753864
P0_reference_proxy,0.75,0.0,5,0.0725328186315527,0,0.00868069090346224,0.3289109303030414
P0_reference_proxy,0.75,0.0,6,0.07250027317175489,0,0.008586560357211948,0.43464309518317207
P0_reference_proxy,0.75,0.0,7,0.06527244412004274,0,0.0037971530655687147,0.3092479789048226
P0_reference_proxy,0.75,0.0,8,0.07286567405567057,0,0.008098005198407865,0.35861819750177426
P0_reference_proxy,0.75,0.0,9,0.053354062519931356,0,0.0031846801935331293,0.2532941877350606
P0_reference_proxy,0.75,0.0,10,0.07058408231839075,1,0.011205583383502749,0.4854477279570656
P0_reference_proxy,0.75,0.0,11,0.06422898141576061,0,0.005807501728034792,0.3307068267819224
P0_reference_proxy,0.75,0.0,12,0.05770189165484174,0,0.004488965195158956,0.1932371420388953
P0_reference_proxy,0.75,0.0,13,0.07386941456616547,0,0.0077494328946559055,0.36114602942828844
P0_reference_proxy,0.75,0.0,14,0.07001926753780863,0,0.006044217386789841,0.3651250425600141
P0_reference_proxy,0.75,0.0,15,0.06977008469023105,0,0.006424441038701323,0.3279331684970805
P0_reference_proxy,0.75,0.0,16,0.058120175987829814,0,0.004673890427708827,0.2481321073527038
P0_reference_proxy,0.75,0.0,17,0.06102585135845029,0,0.005147742945744493,0.3015749391324359
P0_reference_proxy,0.75,0.0,18,0.07397956450595988,0,0.006657805613049073,0.25748900106624023
P0_reference_proxy,0.75,0.0,19,0.07132467118793295,0,0.007765466067731097,0.2562656436129081
P0_reference_proxy,0.75,0.9,0,0.06863915740806248,0,0.006101241411913483,0.27873348853164914
P0_reference_proxy,0.75,0.9,1,0.07203887592826819,0,0.007736392151265203,0.34595597692042934
P0_reference_proxy,0.75,0.9,2,0.05124439023355276,0,0.0020844760325287037,0.08357933410896101
P0_reference_proxy,0.75,0.9,3,0.07310163147581916,0,0.006879801937071717,0.27750232652215995
P0_reference_proxy,0.75,0.9,4,0.06891370580989908,0,0.005767930917029762,0.32409866825753864
P0_reference_proxy,0.75,0.9,5,0.0725328186315527,0,0.00868069090346224,0.3289109303030414
P0_reference_proxy,0.75,0.9,6,0.07250027317175489,0,0.008586560357211948,0.43464309518317207
P0_reference_proxy,0.75,0.9,7,0.06527244412004274,0,0.0037971530655687147,0.3092479789048226
P0_reference_proxy,0.75,0.9,8,0.07286567405567057,0,0.008098005198407865,0.35861819750177426
P0_reference_proxy,0.75,0.9,9,0.053354062519931356,0,0.0031846801935331293,0.2532941877350606
P0_reference_proxy,0.75,0.9,10,0.07058408231839075,1,0.011205583383502749,0.4854477279570656
P0_reference_proxy,0.75,0.9,11,0.06422898141576061,0,0.005807501728034792,0.3307068267819224
P0_reference_proxy,0.75,0.9,12,0.05770189165484174,0,0.004488965195158956,0.1932371420388953
P0_reference_proxy,0.75,0.9,13,0.07386941456616547,0,0.0077494328946559055,0.36114602942828844
P0_reference_proxy,0.75,0.9,14,0.07001926753780863,0,0.006044217386789841,0.3651250425600141
P0_reference_proxy,0.75,0.9,15,0.06977008469023105,0,0.006424441038701323,0.3279331684970805
P0_reference_proxy,0.75,0.9,16,0.058120175987829814,0,0.004673890427708827,0.2481321073527038
P0_reference_proxy,0.75,0.9,17,0.06102585135845029,0,0.005147742945744493,0.3015749391324359
P0_reference_proxy,0.75,0.9,18,0.07397956450595988,0,0.006657805613049073,0.25748900106624023
P0_reference_proxy,0.75,0.9,19,0.07132467118793295,0,0.007765466067731097,0.2562656436129081
P1_low_noise,0.25,0.0,0,0.06762160330448519,0,0.006033695011985918,0.11814974647373333
P1_low_noise,0.25,0.0,1,0.0699621035168172,0,0.00842815401725927,0.16581174256674114
P1_low_noise,0.25,0.0,2,0.0500582480495092,0,0.001794025446392844,0.04348735392735548
P1_low_noise,0.25,0.0,3,0.07012566340440107,0,0.0071401307452994,0.14901151950486136
P1_low_noise,0.25,0.0,4,0.06485714459165914,0,0.005176073687184868,0.1486312660240381
P1_low_noise,0.25,0.0,5,0.0707989070057935,1,0.009606238455247329,0.1823152640940635
P1_low_noise,0.25,0.0,6,0.07046280571010854,0,0.008538800299528138,0.18391657808637252
P1_low_noise,0.25,0.0,7,0.06319997199306748,0,0.0017967576450319545,0.1252616026630624
P1_low_noise,0.25,0.0,8,0.07064759807329968,0,0.007935155456613607,0.1691475727938636
P1_low_noise,0.25,0.0,9,0.05093839685266799,0,0.0033108439620306296,0.10666132472443413
P1_low_noise,0.25,0.0,10,0.0700942102864961,1,0.01121274862227395,0.19467188346642672
P1_low_noise,0.25,0.0,11,0.06330939203749086,0,0.006334522756055172,0.1513855760536884
P1_low_noise,0.25,0.0,12,0.05528461552972186,0,0.005431166379155861,0.10652735221233978
P1_low_noise,0.25,0.0,13,0.0723492169277804,0,0.007903940578627644,0.14458564560344622
P1_low_noise,0.25,0.0,14,0.0672832201645367,0,0.006426606020556558,0.1553089479873404
P1_low_noise,0.25,0.0,15,0.06701755112662322,0,0.007140419513814944,0.14566909775216907
P1_low_noise,0.25,0.0,16,0.057115541394978764,0,0.00502244941461516,0.11698856085071285
P1_low_noise,0.25,0.0,17,0.058254160146631984,0,0.008295118940527035,0.12005446603212455
P1_low_noise,0.25,0.0,18,0.0725973534086537,0,0.0066836771213893975,0.14345008101732515
P1_low_noise,0.25,0.0,19,0.07033870319852509,0,0.0075685487425217746,0.14834480939811923
P1_low_noise,0.25,0.9,0,0.06773849396549858,0,0.0064530403573545,0.12211548266694972
P1_low_noise,0.25,0.9,1,0.06990659440848301,0,0.007953123758129177,0.178149967694329
P1_low_noise,0.25,0.9,2,0.05002472094787036,0,0.0012537405953823022,0.023548290474115774
P1_low_noise,0.25,0.9,3,0.0700724739647901,0,0.006916836172039309,0.15456281710940956
P1_low_noise,0.25,0.9,4,0.06461372527135212,0,0.005967506998867611,0.14696279270610146
P1_low_noise,0.25,0.9,5,0.07088918048866744,0,0.010415320266430106,0.18267002470210447
P1_low_noise,0.25,0.9,6,0.07017319082324713,0,0.008647647472521225,0.20271827386902097
P1_low_noise,0.25,0.9,7,0.06290267171988062,0,0.0039506538553388815,0.13030293511269764
P1_low_noise,0.25,0.9,8,0.0707301090224145,0,0.00745817675920446,0.18326235258085322
P1_low_noise,0.25,0.9,9,0.050338480069327174,0,0.00422437504262585,0.10866129067073782
P1_low_noise,0.25,0.9,10,0.06982086187976866,1,0.01124682437487401,0.2121833417702852
P1_low_noise,0.25,0.9,11,0.06336010053519747,0,0.006060839005890717,0.14184665377758865
P1_low_noise,0.25,0.9,12,0.055477790211943545,0,0.004871537765835265,0.10658498897508473
P1_low_noise,0.25,0.9,13,0.07251603640595738,0,0.007616465810279527,0.15339230943144266
P1_low_noise,0.25,0.9,14,0.06730053101132183,0,0.006079010126766926,0.1477693173516914
P1_low_noise,0.25,0.9,15,0.06704037692925302,0,0.007098886394751647,0.1453908124423764
P1_low_noise,0.25,0.9,16,0.057159929508874496,0,0.005514519834423859,0.1290058534985592
P1_low_noise,0.25,0.9,17,0.05814319852574834,0,0.009095205708181231,0.12881430026445506
P1_low_noise,0.25,0.9,18,0.07301278519706145,0,0.005735955967088868,0.1377353046225085
P1_low_noise,0.25,0.9,19,0.0703581011178872,0,0.007575845277381976,0.145195715373428
P1_low_noise,0.75,0.0,0,0.06781875998193065,0,0.00618621752731463,0.28861832808508114
P1_low_noise,0.75,0.0,1,0.07057274620911713,0,0.008574643598501241,0.3680617895716261
P1_low_noise,0.75,0.0,2,0.05096799799262253,0,0.0015418324960982943,0.07722148961115549
P1_low_noise,0.75,0.0,3,0.07140011527725376,0,0.007277154849977929,0.32232745648810235
P1_low_noise,0.75,0.0,4,0.06706118276795292,0,0.005466647953177972,0.32052995884486546
P1_low_noise,0.75,0.0,5,0.0710855026014271,1,0.009533166156671324,0.42123248797176976
P1_low_noise,0.75,0.0,6,0.07142821422812973,0,0.008594296517294708,0.4216105474080057
P1_low_noise,0.75,0.0,7,0.06598736428655572,0,0.0020366288944377864,0.27449195236431245
P1_low_noise,0.75,0.0,8,0.07018771052921513,0,0.008115324555549863,0.37494357494461994
P1_low_noise,0.75,0.0,9,0.05238355102838532,0,0.0031882200997437327,0.2352720334063017
P1_low_noise,0.75,0.0,10,0.07019684772337831,1,0.011499942570040167,0.5143898760228146
P1_low_noise,0.75,0.0,11,0.06280548961207022,0,0.006422535237435523,0.3325034016421735
P1_low_noise,0.75,0.0,12,0.05595363279573895,0,0.005365296146868981,0.21776017705273554
P1_low_noise,0.75,0.0,13,0.07265319541126602,0,0.008015478439624246,0.3393538900426721
P1_low_noise,0.75,0.0,14,0.06973106705200083,0,0.006792472061396215,0.33500560115238526
P1_low_noise,0.75,0.0,15,0.06895267871233457,0,0.007240394827602081,0.33561490207701566
P1_low_noise,0.75,0.0,16,0.05738914966304409,0,0.005018266693691764,0.25571005090747445
P1_low_noise,0.75,0.0,17,0.05875532093825364,0,0.008261328329274398,0.27927278174414083
P1_low_noise,0.75,0.0,18,0.07321042921458021,0,0.0067534878193489245,0.3236713720276238
P1_low_noise,0.75,0.0,19,0.07073036099499408,0,0.007461030143631531,0.33786591438128355
P1_low_noise,0.75,0.9,0,0.06769167335468029,0,0.006501096928555494,0.29995183101065065
P1_low_noise,0.75,0.9,1,0.0712279405764793,0,0.00786471518850762,0.36849955453084066
P1_low_noise,0.75,0.9,2,0.051480228240370574,0,0.0011895815981830538,0.022564332747057603
P1_low_noise,0.75,0.9,3,0.07112660054136555,0,0.007197651020546703,0.30384768093043457
P1_low_noise,0.75,0.9,4,0.06649671824395931,0,0.005891544497526824,0.31581834777798956
P1_low_noise,0.75,0.9,5,0.07125425330447466,0,0.010189407021671704,0.4493339299361526
P1_low_noise,0.75,0.9,6,0.0711125055317624,0,0.008779650067432643,0.5043817306326158
P1_low_noise,0.75,0.9,7,0.06485463003135405,0,0.0032702397245647497,0.29903027541861893
P1_low_noise,0.75,0.9,8,0.0704751410449671,0,0.007446490020210805,0.4056305221571127
P1_low_noise,0.75,0.9,9,0.05185198508463573,0,0.003259825841938069,0.2308505139684186
P1_low_noise,0.75,0.9,10,0.07018739835293919,1,0.011694716330707955,0.599833575026142
P1_low_noise,0.75,0.9,11,0.06355682319277589,0,0.0062009711464555695,0.3009056231193129
P1_low_noise,0.75,0.9,12,0.05596943771208551,0,0.005094426950756015,0.19576109192319957
P1_low_noise,0.75,0.9,13,0.07348909071484278,0,0.007503516586042869,0.3415207942993608
P1_low_noise,0.75,0.9,14,0.06987907437210228,0,0.006183367740099088,0.34922599467935617
P1_low_noise,0.75,0.9,15,0.06852820420345984,0,0.007380812647955315,0.3289413497580752
P1_low_noise,0.75,0.9,16,0.058094638342958804,0,0.0054870247168886666,0.27123586764968155
P1_low_noise,0.75,0.9,17,0.05850985752469129,0,0.008726885846833232,0.3162351012733148
P1_low_noise,0.75,0.9,18,0.07490860643047326,0,0.005751532798705106,0.30324470719089797
P1_low_noise,0.75,0.9,19,0.07069739827691668,0,0.007407968977050983,0.3147965793346225
P2_high_noise,0.25,0.0,0,0.06725509013128284,0,0.004517547005662537,0.03348663322344669
P2_high_noise,0.25,0.0,1,0.069426272094947,0,0.010744683973854752,0.05321167725066944
P2_high_noise,0.25,0.0,2,0.050319959199917275,0,-0.0006936071933101307,0.010760119249615174
P2_high_noise,0.25,0.0,3,0.07022866938781591,0,0.006921184528086655,0.04393244640350158
P2_high_noise,0.25,0.0,4,0.06432646969336009,0,0.004145481765170933,0.05530051681350834
P2_high_noise,0.25,0.0,5,0.07070038852975336,0,0.010921436438065202,0.05910786350589281
P2_high_noise,0.25,0.0,6,0.07091175096902591,0,0.008036104143598233,0.055257877088226826
P2_high_noise,0.25,0.0,7,0.06314827889941499,0,-0.0008523965863120875,0.03500432206536974
P2_high_noise,0.25,0.0,8,0.07070653457015708,0,0.009395441237770807,0.057380785876310236
P2_high_noise,0.25,0.0,9,0.049953509203848556,0,0.003484909081662879,0.03412675490723105
P2_high_noise,0.25,0.0,10,0.07032892344549646,1,0.013114923165399306,0.05413045712811648
P2_high_noise,0.25,0.0,11,0.06213265452334782,0,0.008154969345235852,0.031766157937070494
P2_high_noise,0.25,0.0,12,0.05436557514685647,0,0.0067373198552536095,0.033425794217137206
P2_high_noise,0.25,0.0,13,0.07210377115196431,0,0.01092955260920525,0.03317756837861752
P2_high_noise,0.25,0.0,14,0.06697410493926015,0,0.00819338141144954,0.04069758754524644
P2_high_noise,0.25,0.0,15,0.06695195735084969,0,0.007555644874545964,0.04039202339183312
P2_high_noise,0.25,0.0,16,0.056344558850022874,0,0.0053912656645719315,0.03806510906168592
P2_high_noise,0.25,0.0,17,0.05819486504713878,0,0.009776441437874928,0.03039389179513896
P2_high_noise,0.25,0.0,18,0.07198726887897322,0,0.007285732057059624,0.04226221795880769
P2_high_noise,0.25,0.0,19,0.07023942470088762,0,0.006694762751311756,0.03968059604614105
P2_high_noise,0.25,0.9,0,0.06489258953709909,0,0.0073515041767013845,0.02107889309373645
P2_high_noise,0.25,0.9,1,0.07025729886675769,0,0.00590730991552102,0.059395615457054296
P2_high_noise,0.25,0.9,2,0.04811920345770826,0,0.0014801463375404555,0.026958739740102322
P2_high_noise,0.25,0.9,3,0.07024565900894186,0,0.011653323377529112,0.03083331754034946
P2_high_noise,0.25,0.9,4,0.06426746465562316,0,0.002069148655508335,0.049642988633773255
P2_high_noise,0.25,0.9,5,0.07116548541439649,0,0.01129681568769425,0.05297074221993747
P2_high_noise,0.25,0.9,6,0.06949688199589577,0,0.002572875980591749,0.05686731904264164
P2_high_noise,0.25,0.9,7,0.062163118557141406,0,0.00405121828172228,0.057397734234951425
P2_high_noise,0.25,0.9,8,0.07052773863943329,0,0.003951483249891252,0.0550862244865411
P2_high_noise,0.25,0.9,9,0.04881740157603576,0,0.008539267137293693,0.03561941327935836
P2_high_noise,0.25,0.9,10,0.07001300200733462,1,0.014032125484630065,0.06714357619071554
P2_high_noise,0.25,0.9,11,0.06321313282792496,0,0.0045983074413785685,0.05211598481793578
P2_high_noise,0.25,0.9,12,0.055059730353368974,0,0.0052034532323994576,0.01726021599723726
P2_high_noise,0.25,0.9,13,0.07219124288624723,0,0.013095478913462744,0.04580194738184962
P2_high_noise,0.25,0.9,14,0.0673253448581288,0,0.007213260314736791,0.06064970495259292
P2_high_noise,0.25,0.9,15,0.0685073122202956,0,0.013560815259302972,0.05489158746208922
P2_high_noise,0.25,0.9,16,0.05627731091427257,0,0.00885781861112489,0.052204160226726026
P2_high_noise,0.25,0.9,17,0.05832334930360139,0,0.011930805125270671,0.026781264196833243
P2_high_noise,0.25,0.9,18,0.06895500316715109,0,0.011208031078032255,0.06245104478044161
P2_high_noise,0.25,0.9,19,0.06898469913469629,0,0.0021087469456299024,0.052614803608785454
P2_high_noise,0.75,0.0,0,0.06614276414579023,0,0.005091431650688372,0.043354541886764464
P2_high_noise,0.75,0.0,1,0.0686226114011882,0,0.010300111621098118,0.05871176460845806
P2_high_noise,0.75,0.0,2,0.05131513594656134,0,-0.00036572160870607107,-0.019225120561636277
P2_high_noise,0.75,0.0,3,0.07080262136958926,0,0.006641911292973535,0.027246161563971194
P2_high_noise,0.75,0.0,4,0.06522102675782548,0,0.004777737076334332,0.06602255782325694
P2_high_noise,0.75,0.0,5,0.07063292018266631,0,0.010869495547843444,0.059210468327634214
P2_high_noise,0.75,0.0,6,0.07173853479601922,0,0.008414536087722468,0.06789456724639975
P2_high_noise,0.75,0.0,7,0.0671938392389465,0,0.0004133927028910911,0.02583763030780739
P2_high_noise,0.75,0.0,8,0.07016291177631007,0,0.009405244852380257,0.06625827082561875
P2_high_noise,0.75,0.0,9,0.049403990917589735,0,0.003105067584012744,0.01978742319860549
P2_high_noise,0.75,0.0,10,0.07090854192365315,1,0.013320934448032062,0.07590949846777262
P2_high_noise,0.75,0.0,11,0.06059382763955701,0,0.007684171811563445,0.0030747213163224707
P2_high_noise,0.75,0.0,12,0.05266281062451905,0,0.006300604935032039,0.015742736414574132
P2_high_noise,0.75,0.0,13,0.07206689565507951,0,0.010541150009471645,0.03792309776630631
P2_high_noise,0.75,0.0,14,0.06790230761861848,0,0.00763543746470563,0.029544165654977084
P2_high_noise,0.75,0.0,15,0.06754024866967212,0,0.007628327302718563,0.038531292725094035
P2_high_noise,0.75,0.0,16,0.05526018804690003,0,0.0051095010736139646,0.025682852847594972
P2_high_noise,0.75,0.0,17,0.05857696103517451,0,0.009308990377152604,0.045029350166104765
P2_high_noise,0.75,0.0,18,0.0705054007747048,0,0.007227024702375573,0.04155766871281941
P2_high_noise,0.75,0.0,19,0.07011108206814842,0,0.006411196767503458,0.026042335864828292
P2_high_noise,0.75,0.9,0,0.06001545187201196,0,0.0069190779545285075,0.008971199109584216
P2_high_noise,0.75,0.9,1,0.07185567418475658,0,0.00664816144507685,0.06871367660479799
P2_high_noise,0.75,0.9,2,0.043052668159268004,0,0.0010221267129790768,0.02579198781544223
P2_high_noise,0.75,0.9,3,0.06855047605211673,0,0.010936523490702399,-0.01928803633099352
P2_high_noise,0.75,0.9,4,0.06392211963566541,0,0.003247044049795811,0.031524344810480054
P2_high_noise,0.75,0.9,5,0.07199746178891753,0,0.0109577470257336,0.0527839457095447
P2_high_noise,0.75,0.9,6,0.06466093824358154,0,0.003262566708443493,0.0587084976129999
P2_high_noise,0.75,0.9,7,0.06089347081493235,0,0.004370105694127102,0.0500869987401622
P2_high_noise,0.75,0.9,8,0.06919146102148188,1,0.004877445810746006,0.04522171337766756
P2_high_noise,0.75,0.9,9,0.047318916674431666,0,0.0076919016501555415,0.02197862045467036
P2_high_noise,0.75,0.9,10,0.06864577891629486,1,0.013669593040473771,0.10183235153797732
P2_high_noise,0.75,0.9,11,0.06265676968355405,0,0.005063191029480607,0.059604170991933936
P2_high_noise,0.75,0.9,12,0.05615558251263164,0,0.005727232553836115,-0.01582924266258745
P2_high_noise,0.75,0.9,13,0.07074227640912845,0,0.01282991541661671,0.04758159408472684
P2_high_noise,0.75,0.9,14,0.07002851392263032,0,0.007690402373242922,0.09510661545539789
P2_high_noise,0.75,0.9,15,0.06851476289172886,0,0.01310010731934741,0.09626351619491591
P2_high_noise,0.75,0.9,16,0.05523905653864236,0,0.008217430333386733,0.07298259111651939
P2_high_noise,0.75,0.9,17,0.057246434086370535,0,0.011160691830535585,0.02528522033637204
P2_high_noise,0.75,0.9,18,0.06676397799434097,0,0.010311158616124527,0.08761634908961269
P2_high_noise,0.75,0.9,19,0.06717619048035373,0,0.003737824193193573,0.09811435995474449
P3_stronger_feedback,0.25,0.0,0,0.06726770380750147,0,0.00457346969170902,0.035879045763239414
P3_stronger_feedback,0.25,0.0,1,0.06947384333837048,0,0.01123901146427797,0.0535489173231698
P3_stronger_feedback,0.25,0.0,2,0.0503130040445402,0,-0.0008911306745593706,0.014179560081144293
P3_stronger_feedback,0.25,0.0,3,0.07018260719892777,0,0.007257416280881501,0.04506793410019916
P3_stronger_feedback,0.25,0.0,4,0.06427977888722014,0,0.004332505687820509,0.05425095680809755
P3_stronger_feedback,0.25,0.0,5,0.07078439868704267,0,0.01170596425312831,0.05694796371423494
P3_stronger_feedback,0.25,0.0,6,0.07108303428440021,0,0.00858812939229281,0.05689823041288111
P3_stronger_feedback,0.25,0.0,7,0.06308418430081653,0,-0.0008840231275017985,0.04079236146634502
P3_stronger_feedback,0.25,0.0,8,0.07077143009116083,0,0.009833994782907807,0.06435812977205857
P3_stronger_feedback,0.25,0.0,9,0.049848753966783454,0,0.0037437079723738886,0.03565492407084081
P3_stronger_feedback,0.25,0.0,10,0.07019867328792784,1,0.014006578857490126,0.0612507331578136
P3_stronger_feedback,0.25,0.0,11,0.061903129062404694,0,0.00821103685887492,0.03643901419126494
P3_stronger_feedback,0.25,0.0,12,0.05422316005764871,0,0.007205208599449842,0.03452767701942561
P3_stronger_feedback,0.25,0.0,13,0.07210007007561325,0,0.011541836726569388,0.032669525035818214
P3_stronger_feedback,0.25,0.0,14,0.06697886789340912,0,0.008487233513688741,0.046996090828687276
P3_stronger_feedback,0.25,0.0,15,0.06708520558221609,0,0.007813744289799529,0.0419701402248327
P3_stronger_feedback,0.25,0.0,16,0.0562641889475719,0,0.005607918656569066,0.035409746351088955
P3_stronger_feedback,0.25,0.0,17,0.05821308329989916,0,0.010153507046062327,0.0328221442417298
P3_stronger_feedback,0.25,0.0,18,0.07186889643977779,0,0.0078112429978756115,0.04730504288740667
P3_stronger_feedback,0.25,0.0,19,0.0701886492098821,0,0.00666432380577342,0.04033960083377308
P3_stronger_feedback,0.25,0.9,0,0.06482474171203423,0,0.007832528518477266,0.021249970004656893
P3_stronger_feedback,0.25,0.9,1,0.07006420180229067,0,0.0065048156984093275,0.06113329507418164
P3_stronger_feedback,0.25,0.9,2,0.047884018119465965,0,0.0013312250950452409,0.03101629355354074
P3_stronger_feedback,0.25,0.9,3,0.07020971853974212,0,0.011974065308610893,0.029807628072129555
P3_stronger_feedback,0.25,0.9,4,0.06395729801816707,0,0.00250654604936007,0.052118124794716225
P3_stronger_feedback,0.25,0.9,5,0.0710586711346467,0,0.011800407988902695,0.05322791479857836
P3_stronger_feedback,0.25,0.9,6,0.06930184487276747,0,0.002895318734013941,0.05288050395399013
P3_stronger_feedback,0.25,0.9,7,0.06220021967375733,0,0.0038446914404703936,0.06016919833291756
P3_stronger_feedback,0.25,0.9,8,0.07059244500331319,0,0.0045378754855818215,0.05871224452712398
P3_stronger_feedback,0.25,0.9,9,0.048681554898210244,0,0.008743313336580516,0.04100069924262595
P3_stronger_feedback,0.25,0.9,10,0.07011002721109161,1,0.01502995957465858,0.0686036983625744
P3_stronger_feedback,0.25,0.9,11,0.06295856670127897,0,0.004568500930213992,0.05433966168366022
P3_stronger_feedback,0.25,0.9,12,0.05494670557164494,0,0.005654960723085689,0.021999628855195796
P3_stronger_feedback,0.25,0.9,13,0.0721717118052041,0,0.013278253808509666,0.050801993312985294
P3_stronger_feedback,0.25,0.9,14,0.06726484140705125,0,0.007570997437298388,0.058008088638633826
P3_stronger_feedback,0.25,0.9,15,0.06845521453193582,0,0.01410226472816567,0.05246904272779496
P3_stronger_feedback,0.25,0.9,16,0.05612601373129966,0,0.009248460827792626,0.05512290712628953
P3_stronger_feedback,0.25,0.9,17,0.05822989792088862,0,0.012473124070364494,0.03219234249850422
P3_stronger_feedback,0.25,0.9,18,0.06891650701879892,0,0.011279352638613127,0.062243549987720304
P3_stronger_feedback,0.25,0.9,19,0.06884818922687674,0,0.0026300789003345093,0.06024293427369565
P3_stronger_feedback,0.75,0.0,0,0.06584821929626528,0,0.00516143317914608,0.04740726359809844
P3_stronger_feedback,0.75,0.0,1,0.06913974155083147,0,0.01071138655059678,0.06575073789719932
P3_stronger_feedback,0.75,0.0,2,0.051010870772451034,0,-0.0003071700861190241,-0.00991644298774319
P3_stronger_feedback,0.75,0.0,3,0.070218334631165,0,0.007191506369900513,0.026959972104967367
P3_stronger_feedback,0.75,0.0,4,0.06504749625517336,0,0.004869320496394436,0.07132276835333906
P3_stronger_feedback,0.75,0.0,5,0.07065384757468407,1,0.011362423221892737,0.06445708610713963
P3_stronger_feedback,0.75,0.0,6,0.07165779676847706,0,0.008926746354330772,0.06677578809828022
P3_stronger_feedback,0.75,0.0,7,0.0672296347470498,0,0.0003447354064192165,0.0348524216362458
P3_stronger_feedback,0.75,0.0,8,0.07003898554582821,0,0.009625172410786309,0.07834645155594688
P3_stronger_feedback,0.75,0.0,9,0.04858409927309837,0,0.0033401576710232472,0.02309453308232068
P3_stronger_feedback,0.75,0.0,10,0.07084006527001785,1,0.01415886758657936,0.09121193595415233
P3_stronger_feedback,0.75,0.0,11,0.06038317081618061,0,0.008027093012324515,0.011776083852593544
P3_stronger_feedback,0.75,0.0,12,0.05243338266667086,0,0.006713318618041475,0.026698991079475265
P3_stronger_feedback,0.75,0.0,13,0.07206282125535135,0,0.011103157011815412,0.03374844519065223
P3_stronger_feedback,0.75,0.0,14,0.06747714882360234,0,0.007928400972680327,0.040244396730819254
P3_stronger_feedback,0.75,0.0,15,0.06767862429199867,0,0.008098947098294174,0.038038105140937306
P3_stronger_feedback,0.75,0.0,16,0.05455894489366331,0,0.0054165451244228,0.022605924224986973
P3_stronger_feedback,0.75,0.0,17,0.058653133319653605,0,0.009736178074916113,0.0580992830631506
P3_stronger_feedback,0.75,0.0,18,0.06992206592353556,0,0.007407557343671045,0.0426333850056837
P3_stronger_feedback,0.75,0.0,19,0.07020671000672918,0,0.006836798634785146,0.029490743570347755
P3_stronger_feedback,0.75,0.9,0,0.059396728726472836,0,0.007373027332745918,0.03475145655637335
P3_stronger_feedback,0.75,0.9,1,0.07152205577047666,0,0.007049394912343909,0.08196815838764282
P3_stronger_feedback,0.75,0.9,2,0.04266955681320239,0,0.0008510534696966054,0.04289945651655436
P3_stronger_feedback,0.75,0.9,3,0.06684131012648387,0,0.011627622889006428,-0.024636580578150102
P3_stronger_feedback,0.75,0.9,4,0.062188568234484376,0,0.004083247540948243,0.04038882191982274
P3_stronger_feedback,0.75,0.9,5,0.07184448612551553,1,0.011442420798759345,0.05568058253911623
P3_stronger_feedback,0.75,0.9,6,0.06385530723061572,0,0.003303331669123888,0.04599508864698132
P3_stronger_feedback,0.75,0.9,7,0.06060637850894002,0,0.0044732749969846886,0.06196027355986611
P3_stronger_feedback,0.75,0.9,8,0.06911701781557933,1,0.005799732317546158,0.039920917285796165
P3_stronger_feedback,0.75,0.9,9,0.04750181387453434,0,0.007989557994887098,0.027713022801366893
P3_stronger_feedback,0.75,0.9,10,0.06852147271233078,1,0.014802209804396282,0.10233459705654657
P3_stronger_feedback,0.75,0.9,11,0.06083247179969331,0,0.005350403917934399,0.07534208241011453
P3_stronger_feedback,0.75,0.9,12,0.055346678993971055,0,0.006067752873602061,0.008509534470158675
P3_stronger_feedback,0.75,0.9,13,0.06987086226752537,0,0.013151784159009638,0.0771829946041318
P3_stronger_feedback,0.75,0.9,14,0.06894205141727394,0,0.008254565718452178,0.0836719949219824
P3_stronger_feedback,0.75,0.9,15,0.06788768937261191,0,0.013612000722786566,0.10914700098198105
P3_stronger_feedback,0.75,0.9,16,0.05463179593718048,0,0.008090964908607723,0.08285448737154755
P3_stronger_feedback,0.75,0.9,17,0.05623170137224409,0,0.011949816227323162,0.03703158529304851
P3_stronger_feedback,0.75,0.9,18,0.06699689628499561,0,0.01049476518582404,0.08422170397114614
P3_stronger_feedback,0.75,0.9,19,0.06780893170836666,0,0.003712271646089116,0.07834307923653738
P4_slow_adaptation,0.25,0.0,0,0.06720228292921515,0,0.004255287542504038,0.06630189915328732
P4_slow_adaptation,0.25,0.0,1,0.06978662083851539,0,0.011673629495669635,0.10385301030762828
P4_slow_adaptation,0.25,0.0,2,0.05020324624907013,0,-0.0001976400359233743,0.029816045466403818
P4_slow_adaptation,0.25,0.0,3,0.06970513733703476,0,0.008726403037741082,0.08158381712280538
P4_slow_adaptation,0.25,0.0,4,0.06416499417190602,0,0.004272807049256477,0.08655618136618437
P4_slow_adaptation,0.25,0.0,5,0.07064124360717916,0,0.011726000883262477,0.11857070291775096
P4_slow_adaptation,0.25,0.0,6,0.07091411992737096,0,0.009285174402851482,0.10794046041150307
P4_slow_adaptation,0.25,0.0,7,0.06308928090933885,0,-0.00033615451584734224,0.07678510981244235
P4_slow_adaptation,0.25,0.0,8,0.07034703912427653,0,0.008478742369456116,0.10443753515334953
P4_slow_adaptation,0.25,0.0,9,0.04976180248089368,0,0.003676527448117861,0.06205107364447349
P4_slow_adaptation,0.25,0.0,10,0.07019061754637512,1,0.012766953566049732,0.13862661748846028
P4_slow_adaptation,0.25,0.0,11,0.06206427638330958,0,0.008220141265332437,0.09689413620620324
P4_slow_adaptation,0.25,0.0,12,0.05448349656720519,0,0.007202036877741569,0.06033471978502414
P4_slow_adaptation,0.25,0.0,13,0.07191565435928438,0,0.011614541293412772,0.08055918430968068
P4_slow_adaptation,0.25,0.0,14,0.06666251818199098,0,0.008533632657746537,0.08453072049064159
P4_slow_adaptation,0.25,0.0,15,0.06668550543268825,0,0.009405486832920307,0.07964744501881937
P4_slow_adaptation,0.25,0.0,16,0.0560188852866621,0,0.0059481251689536,0.059627576862239184
P4_slow_adaptation,0.25,0.0,17,0.05802461745921961,0,0.010105698317349754,0.065602084217804
P4_slow_adaptation,0.25,0.0,18,0.07197861260032001,0,0.008238542849692498,0.08429927311847751
P4_slow_adaptation,0.25,0.0,19,0.06934540227097219,0,0.007620150732891906,0.09099175741008869
P4_slow_adaptation,0.25,0.9,0,0.06576229720134963,0,0.007575133725416627,0.06301314909988398
P4_slow_adaptation,0.25,0.9,1,0.06972161835000346,0,0.0073288532051623,0.11789306158971269
P4_slow_adaptation,0.25,0.9,2,0.04991803415415519,0,0.001334321460066068,0.028769634770002606
P4_slow_adaptation,0.25,0.9,3,0.06958755313817566,0,0.011480283361310795,0.1003154204904142
P4_slow_adaptation,0.25,0.9,4,0.06453677790987422,0,0.003387560665721545,0.09440298527413349
P4_slow_adaptation,0.25,0.9,5,0.0710532877047867,1,0.012147280741173105,0.12812823538478413
P4_slow_adaptation,0.25,0.9,6,0.06925309761126963,0,0.004200489149283948,0.12066837714317669
P4_slow_adaptation,0.25,0.9,7,0.06258142169911962,0,2.6113747036982105e-05,0.10034071084371954
P4_slow_adaptation,0.25,0.9,8,0.0704556452616637,0,0.006225011601005415,0.09792407605251419
P4_slow_adaptation,0.25,0.9,9,0.04785011896066116,0,0.008063239032617076,0.06391256226505049
P4_slow_adaptation,0.25,0.9,10,0.07023332771799096,1,0.013115699242186363,0.15169054885231548
P4_slow_adaptation,0.25,0.9,11,0.0628454449612037,0,0.007171696016834761,0.0895771985489009
P4_slow_adaptation,0.25,0.9,12,0.054943878183528194,0,0.0060219710592918085,0.04927287945321224
P4_slow_adaptation,0.25,0.9,13,0.07199963297938172,0,0.012528814007658706,0.09529813331761972
P4_slow_adaptation,0.25,0.9,14,0.06639247630418832,0,0.005670300736995149,0.10931305189660145
P4_slow_adaptation,0.25,0.9,15,0.06749743631280336,0,0.01308189824601702,0.07173248152102563
P4_slow_adaptation,0.25,0.9,16,0.056244852937096246,0,0.009082090652951624,0.09447594679801186
P4_slow_adaptation,0.25,0.9,17,0.05812508220898549,0,0.01219090926818045,0.07938462660925594
P4_slow_adaptation,0.25,0.9,18,0.07072685591845473,0,0.008537846925333104,0.11519179145322544
P4_slow_adaptation,0.25,0.9,19,0.0681268682251458,0,0.005060813329342495,0.08908993155992029
P4_slow_adaptation,0.75,0.0,0,0.06647202276788833,0,0.004744560130710673,0.121593459916155
P4_slow_adaptation,0.75,0.0,1,0.06989537004533086,0,0.011241738245276744,0.19006481815331977
P4_slow_adaptation,0.75,0.0,2,0.050626302737317275,0,0.00010255402858527773,0.04380533148874366
P4_slow_adaptation,0.75,0.0,3,0.069439800051313,0,0.008091323816634799,0.12567944287591182
P4_slow_adaptation,0.75,0.0,4,0.06557171449697285,0,0.004956504496717473,0.14179830922572423
P4_slow_adaptation,0.75,0.0,5,0.07023451145831194,0,0.011259995037780746,0.22142590732478817
P4_slow_adaptation,0.75,0.0,6,0.0723211219067218,0,0.009359463824301306,0.2015328771241971
P4_slow_adaptation,0.75,0.0,7,0.06696688447906296,0,0.0008009270983122541,0.13249795497959926
P4_slow_adaptation,0.75,0.0,8,0.06932017614663732,0,0.008815384853207098,0.19093395154667991
P4_slow_adaptation,0.75,0.0,9,0.04995861684967451,0,0.0031665531502071964,0.11259764697548014
P4_slow_adaptation,0.75,0.0,10,0.070449683654633,1,0.012995338573461579,0.32495188466713043
P4_slow_adaptation,0.75,0.0,11,0.06020984776281901,0,0.007626720644729024,0.1769983843499756
P4_slow_adaptation,0.75,0.0,12,0.052465749054169675,0,0.006646014049577542,0.10474489521949004
P4_slow_adaptation,0.75,0.0,13,0.07162515853219131,0,0.01088469731304098,0.14822124531459013
P4_slow_adaptation,0.75,0.0,14,0.06754134152911095,0,0.007954385660336682,0.15447225159001388
P4_slow_adaptation,0.75,0.0,15,0.06774823712389089,0,0.009159193582350622,0.13141693867142856
P4_slow_adaptation,0.75,0.0,16,0.05395272292794473,0,0.005623446175153202,0.10326444691064984
P4_slow_adaptation,0.75,0.0,17,0.05894901129582086,0,0.00968995029292663,0.13839923242997543
P4_slow_adaptation,0.75,0.0,18,0.07112857822332763,0,0.007768646042863758,0.14814292199239865
P4_slow_adaptation,0.75,0.0,19,0.06943312407167912,0,0.007449530020092077,0.1766022352299016
P4_slow_adaptation,0.75,0.9,0,0.06277200051108733,0,0.0074775239893438705,0.1232101662324594
P4_slow_adaptation,0.75,0.9,1,0.07184055861871463,0,0.007865067373051482,0.20946254318492707
P4_slow_adaptation,0.75,0.9,2,0.04922581168468887,0,0.001020833386370601,0.035189465054647595
P4_slow_adaptation,0.75,0.9,3,0.07024976673426986,0,0.010407246881330101,0.16470093135924913
P4_slow_adaptation,0.75,0.9,4,0.06356796747354754,0,0.004192215808869082,0.1565381092771858
P4_slow_adaptation,0.75,0.9,5,0.07155495657246114,1,0.011490446950333633,0.27879890196084234
P4_slow_adaptation,0.75,0.9,6,0.06677058677106062,0,0.005185979389669915,0.2058820719961656
P4_slow_adaptation,0.75,0.9,7,0.06532883451805183,0,0.0012896789434553302,0.19804289570479883
P4_slow_adaptation,0.75,0.9,8,0.0699266960322712,1,0.0076832256104318875,0.14351541736036344
P4_slow_adaptation,0.75,0.9,9,0.04519453276765595,0,0.007076820664250971,0.12368888463689076
P4_slow_adaptation,0.75,0.9,10,0.07022276533680416,1,0.01301548893781801,0.3387036662578502
P4_slow_adaptation,0.75,0.9,11,0.0614462562464535,0,0.00686559534172726,0.1371769699945209
P4_slow_adaptation,0.75,0.9,12,0.05517918135885269,0,0.006031922561342995,0.06740073924438872
P4_slow_adaptation,0.75,0.9,13,0.07133936618115377,0,0.011447346065638353,0.1488800259443166
P4_slow_adaptation,0.75,0.9,14,0.06753081508899039,0,0.006201526676957503,0.1919091110349853
P4_slow_adaptation,0.75,0.9,15,0.06783482215641479,0,0.012979687197222423,0.1424621767571046
P4_slow_adaptation,0.75,0.9,16,0.054998668664464345,0,0.007569391511739854,0.21470727359116637
P4_slow_adaptation,0.75,0.9,17,0.05776135080505829,0,0.011942522923764964,0.16505705295126272
P4_slow_adaptation,0.75,0.9,18,0.06945365316953811,0,0.008410042048587973,0.23096646519326824
P4_slow_adaptation,0.75,0.9,19,0.06768572086398728,0,0.005898807198563505,0.15145289794901862
P5_selective_proxy_gate,0.25,0.0,0,0.06810492622074549,0,0.006620577149517692,0.0610398575258968
P5_selective_proxy_gate,0.25,0.0,1,0.07085778283225563,0,0.008838747424850135,0.08395635944733981
P5_selective_proxy_gate,0.25,0.0,2,0.050269905057108155,0,0.0024874038004154553,0.04096847344159116
P5_selective_proxy_gate,0.25,0.0,3,0.07082003214763677,0,0.007050233067427358,0.0754328879601287
P5_selective_proxy_gate,0.25,0.0,4,0.06585986046782832,0,0.004711366504751124,0.07978246888008678
P5_selective_proxy_gate,0.25,0.0,5,0.07169142320859456,1,0.010580998090425453,0.08379316775207135
P5_selective_proxy_gate,0.25,0.0,6,0.07144816706933965,0,0.009421684231529448,0.0877703595513617
P5_selective_proxy_gate,0.25,0.0,7,0.06277973509559631,0,0.00400415854402425,0.05957656012537149
P5_selective_proxy_gate,0.25,0.0,8,0.0719759477662909,0,0.01102718677654213,0.08462151433959697
P5_selective_proxy_gate,0.25,0.0,9,0.051915481071191816,0,0.002623442602889492,0.060373198139038076
P5_selective_proxy_gate,0.25,0.0,10,0.07073267271310546,1,0.015430660874071078,0.0913212149956446
P5_selective_proxy_gate,0.25,0.0,11,0.06375932796968597,0,0.0065991288646551904,0.07010070816039327
P5_selective_proxy_gate,0.25,0.0,12,0.05568450463294883,0,0.004468933503669725,0.05795387925348261
P5_selective_proxy_gate,0.25,0.0,13,0.0729026753868568,0,0.00914958236939356,0.066753225052395
P5_selective_proxy_gate,0.25,0.0,14,0.06794209012094721,0,0.006519063992585394,0.07739584711014258
P5_selective_proxy_gate,0.25,0.0,15,0.06770270158690139,0,0.006400737054511385,0.06601262214409043
P5_selective_proxy_gate,0.25,0.0,16,0.0576187675144908,0,0.004133908389793994,0.06050444648723752
P5_selective_proxy_gate,0.25,0.0,17,0.05957104236140076,0,0.005398932687453617,0.05664121601292882
P5_selective_proxy_gate,0.25,0.0,18,0.07293992674714944,0,0.007036357079999167,0.06907462312194612
P5_selective_proxy_gate,0.25,0.0,19,0.0708839240776753,0,0.008040108124895085,0.06602261542669896
P5_selective_proxy_gate,0.25,0.9,0,0.068136443988426,0,0.007517713945044968,0.05739742125330971
P5_selective_proxy_gate,0.25,0.9,1,0.07088383634038686,0,0.007408445309242673,0.08496704584788461
P5_selective_proxy_gate,0.25,0.9,2,0.050114864454025354,0,0.0017971640388705357,0.028508083080682534
P5_selective_proxy_gate,0.25,0.9,3,0.07078308362912433,0,0.005901374622707456,0.07341844337584713
P5_selective_proxy_gate,0.25,0.9,4,0.06580762652937766,0,0.00524853623873256,0.08064011553676442
P5_selective_proxy_gate,0.25,0.9,5,0.07175633986953123,1,0.013095677929595206,0.09367915215256484
P5_selective_proxy_gate,0.25,0.9,6,0.07151948965618182,0,0.010097803085926893,0.09101178907341656
P5_selective_proxy_gate,0.25,0.9,7,0.0629378939016284,0,0.003715921959861701,0.06244829826450715
P5_selective_proxy_gate,0.25,0.9,8,0.07186825660628637,0,0.008614268375077283,0.079377387579747
P5_selective_proxy_gate,0.25,0.9,9,0.051252340653121786,0,0.003688640737615545,0.06010963164321104
P5_selective_proxy_gate,0.25,0.9,10,0.07094592633879482,1,0.01427004848911717,0.08527140207813888
P5_selective_proxy_gate,0.25,0.9,11,0.06387143531933703,0,0.006153805127554923,0.06601029778433398
P5_selective_proxy_gate,0.25,0.9,12,0.05575022082654724,0,0.004063662381427302,0.05442896445837464
P5_selective_proxy_gate,0.25,0.9,13,0.07301398289460026,0,0.009326203363703711,0.08009693759800651
P5_selective_proxy_gate,0.25,0.9,14,0.06781103909045472,0,0.006777598565376852,0.0768276546243909
P5_selective_proxy_gate,0.25,0.9,15,0.06781155773559422,0,0.007446135338296189,0.07427324968589377
P5_selective_proxy_gate,0.25,0.9,16,0.05800302550626435,0,0.004859127338828095,0.05648752765786291
P5_selective_proxy_gate,0.25,0.9,17,0.059940746043880666,0,0.006574022723918493,0.06781506360166234
P5_selective_proxy_gate,0.25,0.9,18,0.07288952294161555,0,0.007901045611211854,0.07394140565384122
P5_selective_proxy_gate,0.25,0.9,19,0.07092320610705893,0,0.00870775052352557,0.07042134055102012
P5_selective_proxy_gate,0.75,0.0,0,0.06927294857379329,0,0.006693746266552392,0.12339394388075048
P5_selective_proxy_gate,0.75,0.0,1,0.07275065519833668,0,0.009171237864239457,0.14433683721760054
P5_selective_proxy_gate,0.75,0.0,2,0.051712932147395696,0,0.0022086896631829944,0.06280847033695319
P5_selective_proxy_gate,0.75,0.0,3,0.07340777779324492,0,0.0072711891748846735,0.11845793024913182
P5_selective_proxy_gate,0.75,0.0,4,0.07045962021251206,0,0.005088523136344669,0.1397639626232255
P5_selective_proxy_gate,0.75,0.0,5,0.07353525675782213,1,0.010885462079305741,0.1414260212649593
P5_selective_proxy_gate,0.75,0.0,6,0.07367980289785936,0,0.009807374897248367,0.15716897947258546
P5_selective_proxy_gate,0.75,0.0,7,0.06448400245806785,0,0.004271075682396708,0.09961229414612194
P5_selective_proxy_gate,0.75,0.0,8,0.07370798913648469,0,0.011074056207255545,0.14591311797287093
P5_selective_proxy_gate,0.75,0.0,9,0.0550160018749376,0,0.0026109690301863164,0.1020764974531223
P5_selective_proxy_gate,0.75,0.0,10,0.07179212640236066,1,0.015690529067006187,0.17238610241483648
P5_selective_proxy_gate,0.75,0.0,11,0.06440109566380625,0,0.006667211179795185,0.11396735364432603
P5_selective_proxy_gate,0.75,0.0,12,0.05774053009323632,0,0.004511501501568871,0.09557597431584236
P5_selective_proxy_gate,0.75,0.0,13,0.07436631948155381,0,0.008889795490184094,0.12409333191250455
P5_selective_proxy_gate,0.75,0.0,14,0.07111681989940122,0,0.006762053743895602,0.1328543711442416
P5_selective_proxy_gate,0.75,0.0,15,0.07059994223483534,0,0.006816612707176928,0.11325211559168302
P5_selective_proxy_gate,0.75,0.0,16,0.05873504344092784,0,0.00448644953999211,0.10438718931351387
P5_selective_proxy_gate,0.75,0.0,17,0.06395281400612085,0,0.005640344696496213,0.1199717030599422
P5_selective_proxy_gate,0.75,0.0,18,0.07425180782727314,0,0.0072316890019084035,0.1158959291386843
P5_selective_proxy_gate,0.75,0.0,19,0.07210505454354832,0,0.008149921894979206,0.11709524463352455
P5_selective_proxy_gate,0.75,0.9,0,0.06878596925546565,0,0.007710443915082021,0.11707011450330107
P5_selective_proxy_gate,0.75,0.9,1,0.07208112308981274,0,0.007370356127893718,0.14851920146495967
P5_selective_proxy_gate,0.75,0.9,2,0.05135294335391982,0,0.001444643101704557,0.025762954565191398
P5_selective_proxy_gate,0.75,0.9,3,0.07321610090702291,0,0.006407395985320807,0.11072449457620986
P5_selective_proxy_gate,0.75,0.9,4,0.06996430776793638,0,0.005644304160256963,0.13751657112372723
P5_selective_proxy_gate,0.75,0.9,5,0.0735450102596007,1,0.012817095062214845,0.16148612528153172
P5_selective_proxy_gate,0.75,0.9,6,0.07369372954361442,0,0.010185434993811526,0.1548835335852755
P5_selective_proxy_gate,0.75,0.9,7,0.0647841459477777,0,0.0039346358328387065,0.11219139789732346
P5_selective_proxy_gate,0.75,0.9,8,0.07341461173711905,0,0.008641204623599297,0.1317650223905335
P5_selective_proxy_gate,0.75,0.9,9,0.05344819969528458,0,0.0035157568536494654,0.10564290189119985
P5_selective_proxy_gate,0.75,0.9,10,0.07225412756311955,1,0.014862419839948515,0.16508555366702654
P5_selective_proxy_gate,0.75,0.9,11,0.06472766402129049,0,0.00621387589514899,0.10650237307737609
P5_selective_proxy_gate,0.75,0.9,12,0.05836564964640045,0,0.003976593786862548,0.08885660141517793
P5_selective_proxy_gate,0.75,0.9,13,0.07446966170764246,0,0.00886715683406547,0.15481636304140073
P5_selective_proxy_gate,0.75,0.9,14,0.07099184647306145,0,0.006995596216072819,0.13691179471344717
P5_selective_proxy_gate,0.75,0.9,15,0.07093962887103367,0,0.007690480488857343,0.1371495313260218
P5_selective_proxy_gate,0.75,0.9,16,0.0597713537706408,0,0.005060672077907502,0.09175315428244657
P5_selective_proxy_gate,0.75,0.9,17,0.06464232704894723,0,0.006851566659633712,0.1421904666221251
P5_selective_proxy_gate,0.75,0.9,18,0.07415545702270587,0,0.007856047543269074,0.1362492514255892
P5_selective_proxy_gate,0.75,0.9,19,0.07204435170207346,0,0.008694648713940989,0.12653045757164477
